,key_0,danceability,energy,key,loudness,mode,speechiness,acousticness,instrumentalness,liveness,valence,tempo,type,id,uri,track_href,analysis_url,duration_ms,time_signature,error,track_id,track_name,country
0,4FfTEj2bSFa2ptNoxbkOnP,0.385,0.331,3.0,-13.635,1.0,0.033,0.798,0.982,0.12,0.609,125.866,audio_features,4FfTEj2bSFa2ptNoxbkOnP,spotify:track:4FfTEj2bSFa2ptNoxbkOnP,https://api.spotify.com/v1/tracks/4FfTEj2bSFa2ptNoxbkOnP,https://api.spotify.com/v1/audio-analysis/4FfTEj2bSFa2ptNoxbkOnP,97160.0,4.0,,4FfTEj2bSFa2ptNoxbkOnP,"Afghanistan [Milli Surood (National Anthem), ""This land is Afghanistan…""] (2006 onwards)",Afghanistan 
1,0J7T6WhEvtTTqvx4RRjpbq,0.42,0.124,7.0,-18.274,1.0,0.0453,0.969,0.937,0.0772,0.307,98.616,audio_features,0J7T6WhEvtTTqvx4RRjpbq,spotify:track:0J7T6WhEvtTTqvx4RRjpbq,https://api.spotify.com/v1/tracks/0J7T6WhEvtTTqvx4RRjpbq,https://api.spotify.com/v1/audio-analysis/0J7T6WhEvtTTqvx4RRjpbq,69653.0,3.0,,0J7T6WhEvtTTqvx4RRjpbq,"Albania [Hymni i Flamurit (Hymn To The Flag), ""The flag which in battle unites us…""]",Albania 
2,05kY0EH7nF6Esa4yn0Mjsn,0.459,0.615,5.0,-13.714,1.0,0.0529,0.859,0.938,0.207,0.43,127.956,audio_features,05kY0EH7nF6Esa4yn0Mjsn,spotify:track:05kY0EH7nF6Esa4yn0Mjsn,https://api.spotify.com/v1/tracks/05kY0EH7nF6Esa4yn0Mjsn,https://api.spotify.com/v1/audio-analysis/05kY0EH7nF6Esa4yn0Mjsn,67733.0,4.0,,05kY0EH7nF6Esa4yn0Mjsn,"Algeria [""We swear by the lightning that destroys…""] (Olympic version)",Algeria 
3,2hSwZOmc50GYJeOXe4C7vH,0.251,0.305,10.0,-15.653,1.0,0.041,0.903,0.976,0.0871,0.735,81.431,audio_features,2hSwZOmc50GYJeOXe4C7vH,spotify:track:2hSwZOmc50GYJeOXe4C7vH,https://api.spotify.com/v1/tracks/2hSwZOmc50GYJeOXe4C7vH,https://api.spotify.com/v1/audio-analysis/2hSwZOmc50GYJeOXe4C7vH,62800.0,4.0,,2hSwZOmc50GYJeOXe4C7vH,"American Samoa [""America Samoa, my dear beloved land…""] (Olympic version)",American Samoa 
4,74NggutKEKI9FIMonXgRMi,0.537,0.214,2.0,-17.316,1.0,0.0392,0.841,0.889,0.101,0.67,102.544,audio_features,74NggutKEKI9FIMonXgRMi,spotify:track:74NggutKEKI9FIMonXgRMi,https://api.spotify.com/v1/tracks/74NggutKEKI9FIMonXgRMi,https://api.spotify.com/v1/audio-analysis/74NggutKEKI9FIMonXgRMi,70440.0,4.0,,74NggutKEKI9FIMonXgRMi,"Andorra [Himne Andorra (Andorra Hymn), ""The great Charlemagne, my Father…""] (Olympic version)",Andorra 
5,7hrCjUIObTQcDhUe4GzkCI,0.644,0.224,0.0,-18.446,1.0,0.0321,0.89,0.959,0.0877,0.571,110.727,audio_features,7hrCjUIObTQcDhUe4GzkCI,spotify:track:7hrCjUIObTQcDhUe4GzkCI,https://api.spotify.com/v1/tracks/7hrCjUIObTQcDhUe4GzkCI,https://api.spotify.com/v1/audio-analysis/7hrCjUIObTQcDhUe4GzkCI,77827.0,4.0,,7hrCjUIObTQcDhUe4GzkCI,"Angola: Angola [""O Fatherland, we shall never forget the heroes of the Fourth of February…""]",Angola
6,3nLWkTgKFm9GPMlrPo4i2u,0.369,0.423,10.0,-15.379,1.0,0.0339,0.41,0.882,0.303,0.662,110.314,audio_features,3nLWkTgKFm9GPMlrPo4i2u,spotify:track:3nLWkTgKFm9GPMlrPo4i2u,https://api.spotify.com/v1/tracks/3nLWkTgKFm9GPMlrPo4i2u,https://api.spotify.com/v1/audio-analysis/3nLWkTgKFm9GPMlrPo4i2u,78800.0,4.0,,3nLWkTgKFm9GPMlrPo4i2u,"Anguilla [National Song, ""God bless Anguilla nurture…""]",Anguilla 
7,2NRcoBALzgXdKm8OeBzJtV,0.271,0.259,5.0,-15.77,1.0,0.038,0.708,0.959,0.223,0.41,115.315,audio_features,2NRcoBALzgXdKm8OeBzJtV,spotify:track:2NRcoBALzgXdKm8OeBzJtV,https://api.spotify.com/v1/tracks/2NRcoBALzgXdKm8OeBzJtV,https://api.spotify.com/v1/audio-analysis/2NRcoBALzgXdKm8OeBzJtV,76787.0,4.0,,2NRcoBALzgXdKm8OeBzJtV,"Antigua and Barbuda [""Fair Antigua, we salute thee!…""]",Antigua and Barbuda 
8,6K9FFoSz2uDkQnkXQ4szfv,0.403,0.15,10.0,-14.003,1.0,0.0359,0.905,0.862,0.343,0.567,120.37,audio_features,6K9FFoSz2uDkQnkXQ4szfv,spotify:track:6K9FFoSz2uDkQnkXQ4szfv,https://api.spotify.com/v1/tracks/6K9FFoSz2uDkQnkXQ4szfv,https://api.spotify.com/v1/audio-analysis/6K9FFoSz2uDkQnkXQ4szfv,93107.0,4.0,,6K9FFoSz2uDkQnkXQ4szfv,"Argentina [Himno Nacional Argentino (Argentine National Anthem), ""Mortals! Hear the sacred cry…""] (short)",Argentina 
9,3or8Jw8XkNH2w8lYXAh1ja,0.262,0.38,3.0,-12.467,1.0,0.0389,0.582,0.898,0.122,0.795,135.881,audio_features,3or8Jw8XkNH2w8lYXAh1ja,spotify:track:3or8Jw8XkNH2w8lYXAh1ja,https://api.spotify.com/v1/tracks/3or8Jw8XkNH2w8lYXAh1ja,https://api.spotify.com/v1/audio-analysis/3or8Jw8XkNH2w8lYXAh1ja,63947.0,5.0,,3or8Jw8XkNH2w8lYXAh1ja,"Armenia [Mer Hayrenik (Our Fatherland), ""Land of our fathers, free, independent…""]",Armenia 
10,0farPXqbJfuxTro1b6KwSw,0.151,0.268,7.0,-15.159,1.0,0.0424,0.569,0.762,0.176,0.437,174.862,audio_features,0farPXqbJfuxTro1b6KwSw,spotify:track:0farPXqbJfuxTro1b6KwSw,https://api.spotify.com/v1/tracks/0farPXqbJfuxTro1b6KwSw,https://api.spotify.com/v1/audio-analysis/0farPXqbJfuxTro1b6KwSw,57227.0,4.0,,0farPXqbJfuxTro1b6KwSw,"Aruba: Aruba [Aruba Deshi Tera (Aruba Precious Country), ""Aruba, beloved home…""]",Aruba
11,5M0N4aUXuQlwahnS023mjH,0.273,0.0577,0.0,-19.599,1.0,0.0393,0.913,0.901,0.313,0.221,87.612,audio_features,5M0N4aUXuQlwahnS023mjH,spotify:track:5M0N4aUXuQlwahnS023mjH,https://api.spotify.com/v1/tracks/5M0N4aUXuQlwahnS023mjH,https://api.spotify.com/v1/audio-analysis/5M0N4aUXuQlwahnS023mjH,65080.0,4.0,,5M0N4aUXuQlwahnS023mjH,"Australia [Advance Australia Fair, ""Australians all, let us rejoice…""] (Olympic version)",Australia 
12,4a8ZCCtNgsIf6pxP8bBEud,0.0744,0.0604,5.0,-22.953,1.0,0.0431,0.924,0.806,0.13,0.153,177.932,audio_features,4a8ZCCtNgsIf6pxP8bBEud,spotify:track:4a8ZCCtNgsIf6pxP8bBEud,https://api.spotify.com/v1/tracks/4a8ZCCtNgsIf6pxP8bBEud,https://api.spotify.com/v1/audio-analysis/4a8ZCCtNgsIf6pxP8bBEud,95227.0,3.0,,4a8ZCCtNgsIf6pxP8bBEud,"Austria [Osterreichische Bundeshymne (Austrian Federal Hymn), ""Land of mountains…""]",Austria 
13,2azoVJV8kfMJrHGKrQbLC1,0.378,0.0719,2.0,-19.837,0.0,0.0352,0.902,0.906,0.091,0.125,119.45,audio_features,2azoVJV8kfMJrHGKrQbLC1,spotify:track:2azoVJV8kfMJrHGKrQbLC1,https://api.spotify.com/v1/tracks/2azoVJV8kfMJrHGKrQbLC1,https://api.spotify.com/v1/audio-analysis/2azoVJV8kfMJrHGKrQbLC1,150013.0,4.0,,2azoVJV8kfMJrHGKrQbLC1,"Azerbaijan [Azerbaijan Marzi (Azerbaijan March), ""Azerbaijan! Azerbaijan!…""]",Azerbaijan 
14,4pfiGPd2P0DgOguv7ZFx24,0.231,0.0741,2.0,-18.902,1.0,0.034,0.96,0.867,0.0858,0.283,79.927,audio_features,4pfiGPd2P0DgOguv7ZFx24,spotify:track:4pfiGPd2P0DgOguv7ZFx24,https://api.spotify.com/v1/tracks/4pfiGPd2P0DgOguv7ZFx24,https://api.spotify.com/v1/audio-analysis/4pfiGPd2P0DgOguv7ZFx24,106760.0,4.0,,4pfiGPd2P0DgOguv7ZFx24,"Bahamas [March On, Bahamaland, ""Lift up your head to the rising sun…""]",Bahamas 
15,1idlLu9FqlFd7PeYmkNIpU,0.361,0.218,5.0,-16.25,1.0,0.0397,0.857,0.945,0.102,0.558,103.369,audio_features,1idlLu9FqlFd7PeYmkNIpU,spotify:track:1idlLu9FqlFd7PeYmkNIpU,https://api.spotify.com/v1/tracks/1idlLu9FqlFd7PeYmkNIpU,https://api.spotify.com/v1/audio-analysis/1idlLu9FqlFd7PeYmkNIpU,52280.0,4.0,,1idlLu9FqlFd7PeYmkNIpU,"Bahrain [""Our Bahrain, country of security…""]",Bahrain 
16,6Wr2A1s7nvzTqANgksgDxt,0.155,0.206,7.0,-19.317,1.0,0.0347,0.864,0.933,0.364,0.469,171.376,audio_features,6Wr2A1s7nvzTqANgksgDxt,spotify:track:6Wr2A1s7nvzTqANgksgDxt,https://api.spotify.com/v1/tracks/6Wr2A1s7nvzTqANgksgDxt,https://api.spotify.com/v1/audio-analysis/6Wr2A1s7nvzTqANgksgDxt,94880.0,3.0,,6Wr2A1s7nvzTqANgksgDxt,"Bangladesh [""My Bengal of gold, I love you…""]",Bangladesh 
17,3AKDNISmHdMo77l6ZehZPy,0.119,0.0791,7.0,-17.801,1.0,0.0388,0.955,0.888,0.103,0.173,84.138,audio_features,3AKDNISmHdMo77l6ZehZPy,spotify:track:3AKDNISmHdMo77l6ZehZPy,https://api.spotify.com/v1/tracks/3AKDNISmHdMo77l6ZehZPy,https://api.spotify.com/v1/audio-analysis/3AKDNISmHdMo77l6ZehZPy,86747.0,1.0,,3AKDNISmHdMo77l6ZehZPy,"Barbados [Barbados National Anthem, ""In plenty and in time of need…""] (Olympic version)",Barbados 
18,6LF0Strh2KeAH9IhTbiZ1J,0.451,0.32,5.0,-15.438,1.0,0.0405,0.664,0.945,0.133,0.578,103.862,audio_features,6LF0Strh2KeAH9IhTbiZ1J,spotify:track:6LF0Strh2KeAH9IhTbiZ1J,https://api.spotify.com/v1/tracks/6LF0Strh2KeAH9IhTbiZ1J,https://api.spotify.com/v1/audio-analysis/6LF0Strh2KeAH9IhTbiZ1J,56147.0,4.0,,6LF0Strh2KeAH9IhTbiZ1J,"Belarus [Dziarzauny himn Respubliki Bielarus (State Anthem of the Republic of Belarus), ""We are the Belarussians…""] (Olympic version)",Belarus 
19,7goOE7w5L6R4x8Zx4B2qvu,0.501,0.11,7.0,-19.043,1.0,0.0334,0.931,0.913,0.209,0.535,100.938,audio_features,7goOE7w5L6R4x8Zx4B2qvu,spotify:track:7goOE7w5L6R4x8Zx4B2qvu,https://api.spotify.com/v1/tracks/7goOE7w5L6R4x8Zx4B2qvu,https://api.spotify.com/v1/audio-analysis/7goOE7w5L6R4x8Zx4B2qvu,62813.0,3.0,,7goOE7w5L6R4x8Zx4B2qvu,"Belgium: La Brabançonne (The Song of Brabant), ""Noble Belgium, for ever a dear land…""",Belgium
20,2KuAxqFIaj3IUCapI3ZVwe,0.324,0.178,5.0,-17.776,1.0,0.0357,0.919,0.923,0.0558,0.308,87.987,audio_features,2KuAxqFIaj3IUCapI3ZVwe,spotify:track:2KuAxqFIaj3IUCapI3ZVwe,https://api.spotify.com/v1/tracks/2KuAxqFIaj3IUCapI3ZVwe,https://api.spotify.com/v1/audio-analysis/2KuAxqFIaj3IUCapI3ZVwe,68000.0,4.0,,2KuAxqFIaj3IUCapI3ZVwe,"Belize: Land of the Free, ""O Land of the Free by the Carib Sea…"" (Olympic version)",Belize
21,3FZAqRf9D0B9yaK6U6kK3m,0.362,0.375,0.0,-12.762,1.0,0.039,0.501,0.941,0.11,0.414,101.325,audio_features,3FZAqRf9D0B9yaK6U6kK3m,spotify:track:3FZAqRf9D0B9yaK6U6kK3m,https://api.spotify.com/v1/tracks/3FZAqRf9D0B9yaK6U6kK3m,https://api.spotify.com/v1/audio-analysis/3FZAqRf9D0B9yaK6U6kK3m,80000.0,4.0,,3FZAqRf9D0B9yaK6U6kK3m,"Benin: L'aube nouvelle (The Dawn of a New Day), ""Formerly, at her call, our ancestors…""",Benin
22,5FuQ1wUveHPYAxHmqAiutP,0.372,0.158,5.0,-16.936,1.0,0.0377,0.803,0.887,0.219,0.381,89.147,audio_features,5FuQ1wUveHPYAxHmqAiutP,spotify:track:5FuQ1wUveHPYAxHmqAiutP,https://api.spotify.com/v1/tracks/5FuQ1wUveHPYAxHmqAiutP,https://api.spotify.com/v1/audio-analysis/5FuQ1wUveHPYAxHmqAiutP,56120.0,4.0,,5FuQ1wUveHPYAxHmqAiutP,Bermuda: Hail to Bermuda (short version),Bermuda
23,6n28Uuqq0oP4Dv4ekTXcBI,0.186,0.186,10.0,-15.991,1.0,0.0391,0.263,0.929,0.13,0.412,87.806,audio_features,6n28Uuqq0oP4Dv4ekTXcBI,spotify:track:6n28Uuqq0oP4Dv4ekTXcBI,https://api.spotify.com/v1/tracks/6n28Uuqq0oP4Dv4ekTXcBI,https://api.spotify.com/v1/audio-analysis/6n28Uuqq0oP4Dv4ekTXcBI,59000.0,4.0,,6n28Uuqq0oP4Dv4ekTXcBI,"Bhutan: Druk tsendhen (The Thunder Dragon), ""In the Thunder Dragon Kingdom…"" [2005 arrangement]",Bhutan
24,22wshf60YN1Lg1ClrN93tr,0.584,0.201,0.0,-17.486,1.0,0.0435,0.925,0.957,0.34,0.605,119.722,audio_features,22wshf60YN1Lg1ClrN93tr,spotify:track:22wshf60YN1Lg1ClrN93tr,https://api.spotify.com/v1/tracks/22wshf60YN1Lg1ClrN93tr,https://api.spotify.com/v1/audio-analysis/22wshf60YN1Lg1ClrN93tr,87800.0,4.0,,22wshf60YN1Lg1ClrN93tr,"Bolivia: Canción Patriótica (Patriotic Song), ""Bolivians, a favourable destiny…""",Bolivia
25,1zD33DhCqOj3qQHvFiFqYF,0.201,0.438,0.0,-13.27,1.0,0.0351,0.909,0.88,0.261,0.266,99.352,audio_features,1zD33DhCqOj3qQHvFiFqYF,spotify:track:1zD33DhCqOj3qQHvFiFqYF,https://api.spotify.com/v1/tracks/1zD33DhCqOj3qQHvFiFqYF,https://api.spotify.com/v1/audio-analysis/1zD33DhCqOj3qQHvFiFqYF,80653.0,4.0,,1zD33DhCqOj3qQHvFiFqYF,Bosnia and Herzegovina: Državna himna Bosne i Hercegovine (The National Anthem of Bosnia and Herzegovina) [1999 onwards] [Olympic version],Bosnia and Herzegovina
26,7bc84oCI9dwdNb9zMAx1Lk,0.502,0.221,0.0,-16.798,1.0,0.0265,0.592,0.922,0.0806,0.756,51.679,audio_features,7bc84oCI9dwdNb9zMAx1Lk,spotify:track:7bc84oCI9dwdNb9zMAx1Lk,https://api.spotify.com/v1/tracks/7bc84oCI9dwdNb9zMAx1Lk,https://api.spotify.com/v1/audio-analysis/7bc84oCI9dwdNb9zMAx1Lk,84520.0,4.0,,7bc84oCI9dwdNb9zMAx1Lk,"Botswana: ""Blessed be this noble land…""",Botswana
27,5yyBDd13Zb7eoVT86NPhO2,0.473,0.14,10.0,-18.378,1.0,0.0388,0.819,0.227,0.359,0.523,122.838,audio_features,5yyBDd13Zb7eoVT86NPhO2,spotify:track:5yyBDd13Zb7eoVT86NPhO2,https://api.spotify.com/v1/tracks/5yyBDd13Zb7eoVT86NPhO2,https://api.spotify.com/v1/audio-analysis/5yyBDd13Zb7eoVT86NPhO2,85027.0,4.0,,5yyBDd13Zb7eoVT86NPhO2,"Brazil: Hino Nacional Brasilerio (National Anthem of Brazil), ""There was heard…"" [Olympic version]",Brazil
28,5hF1YJIt7VrpAvSifRpMyp,0.234,0.178,5.0,-15.813,1.0,0.0321,0.849,0.906,0.2,0.226,92.024,audio_features,5hF1YJIt7VrpAvSifRpMyp,spotify:track:5hF1YJIt7VrpAvSifRpMyp,https://api.spotify.com/v1/tracks/5hF1YJIt7VrpAvSifRpMyp,https://api.spotify.com/v1/audio-analysis/5hF1YJIt7VrpAvSifRpMyp,90520.0,3.0,,5hF1YJIt7VrpAvSifRpMyp,"Brunei: Allah Peliharakan Sultan, ""Oh God, long live our Majesty the Sultan""",Brunei
29,1RxHKS9Wm2bQrskxpE8mSq,0.236,0.239,9.0,-17.911,0.0,0.0369,0.45,0.825,0.378,0.32,123.397,audio_features,1RxHKS9Wm2bQrskxpE8mSq,spotify:track:1RxHKS9Wm2bQrskxpE8mSq,https://api.spotify.com/v1/tracks/1RxHKS9Wm2bQrskxpE8mSq,https://api.spotify.com/v1/audio-analysis/1RxHKS9Wm2bQrskxpE8mSq,81013.0,3.0,,1RxHKS9Wm2bQrskxpE8mSq,"Bulgaria: Mila Rodino (Dear Homeland), ""Proudly rise the Balkan peaks…"" [2005 arrangement]",Bulgaria
30,3hDVaDXftzD1Fv1y9gXsHT,0.182,0.176,5.0,-19.792,1.0,0.0405,0.967,0.942,0.0737,0.117,91.67,audio_features,3hDVaDXftzD1Fv1y9gXsHT,spotify:track:3hDVaDXftzD1Fv1y9gXsHT,https://api.spotify.com/v1/tracks/3hDVaDXftzD1Fv1y9gXsHT,https://api.spotify.com/v1/audio-analysis/3hDVaDXftzD1Fv1y9gXsHT,86120.0,3.0,,3hDVaDXftzD1Fv1y9gXsHT,"Burkina Faso: Le Ditanyè (Anthem of the Victory), ""Against the humiliating bondage…"" [Olympic version]",Burkina Faso
31,3O5gzg9Yo02Qwgt4aaQ8QC,0.448,0.102,5.0,-18.434,0.0,0.0325,0.943,0.892,0.0936,0.352,128.002,audio_features,3O5gzg9Yo02Qwgt4aaQ8QC,spotify:track:3O5gzg9Yo02Qwgt4aaQ8QC,https://api.spotify.com/v1/tracks/3O5gzg9Yo02Qwgt4aaQ8QC,https://api.spotify.com/v1/audio-analysis/3O5gzg9Yo02Qwgt4aaQ8QC,143693.0,4.0,,3O5gzg9Yo02Qwgt4aaQ8QC,"Burundi: ""Beloved Burundi, gentle country…""",Burundi
32,670dxFo13rtkt0RvOyP1qy,0.189,0.123,5.0,-16.259,1.0,0.032,0.874,0.912,0.109,0.347,99.25,audio_features,670dxFo13rtkt0RvOyP1qy,spotify:track:670dxFo13rtkt0RvOyP1qy,https://api.spotify.com/v1/tracks/670dxFo13rtkt0RvOyP1qy,https://api.spotify.com/v1/audio-analysis/670dxFo13rtkt0RvOyP1qy,127800.0,4.0,,670dxFo13rtkt0RvOyP1qy,"Cambodia: Nokoreach (National Anthem), ""Heaven protects our King…""",Cambodia
33,4Tem0Yd4m5lcv2eAZEY6t0,0.56,0.193,10.0,-14.546,1.0,0.0311,0.894,0.835,0.178,0.876,101.507,audio_features,4Tem0Yd4m5lcv2eAZEY6t0,spotify:track:4Tem0Yd4m5lcv2eAZEY6t0,https://api.spotify.com/v1/tracks/4Tem0Yd4m5lcv2eAZEY6t0,https://api.spotify.com/v1/audio-analysis/4Tem0Yd4m5lcv2eAZEY6t0,61600.0,4.0,,4Tem0Yd4m5lcv2eAZEY6t0,"Cameroon: Ô Cameroun, berceau de nos ancêtres (O Cameroon, Cradle of our Forefathers), ""O Cameroon cradle of our ancestors…""",Cameroon
34,0g8VSwMjVHjA5BZHZfrGUI,0.174,0.0813,3.0,-18.202,1.0,0.0371,0.896,0.931,0.168,0.0411,119.075,audio_features,0g8VSwMjVHjA5BZHZfrGUI,spotify:track:0g8VSwMjVHjA5BZHZfrGUI,https://api.spotify.com/v1/tracks/0g8VSwMjVHjA5BZHZfrGUI,https://api.spotify.com/v1/audio-analysis/0g8VSwMjVHjA5BZHZfrGUI,107200.0,3.0,,0g8VSwMjVHjA5BZHZfrGUI,"Canada: ""O Canada! Our home and native land!…"" (slow version)",Canada
35,7s6gIQpbNWn4f54AGrmv06,0.195,0.155,7.0,-15.889,1.0,0.0317,0.875,0.917,0.207,0.331,100.718,audio_features,7s6gIQpbNWn4f54AGrmv06,spotify:track:7s6gIQpbNWn4f54AGrmv06,https://api.spotify.com/v1/tracks/7s6gIQpbNWn4f54AGrmv06,https://api.spotify.com/v1/audio-analysis/7s6gIQpbNWn4f54AGrmv06,99280.0,1.0,,7s6gIQpbNWn4f54AGrmv06,"Cape Verde: Cântico da Liberdade (Song of Freedom), ""Sing, brother sing…""",Cape Verde
36,4McNRCPLUggcGjQJ4X05e1,0.244,0.106,7.0,-19.381,1.0,0.0357,0.9,0.919,0.11,0.412,131.33,audio_features,4McNRCPLUggcGjQJ4X05e1,spotify:track:4McNRCPLUggcGjQJ4X05e1,https://api.spotify.com/v1/tracks/4McNRCPLUggcGjQJ4X05e1,https://api.spotify.com/v1/audio-analysis/4McNRCPLUggcGjQJ4X05e1,49960.0,4.0,,4McNRCPLUggcGjQJ4X05e1,"Cayman Islands: Beloved Isle Cayman, ""O land of soft, fresh breezes…"" (Olympic version)",Cayman Islands
37,6wAgdQ4x74ObJM3kmfVLoJ,0.354,0.205,0.0,-15.091,1.0,0.032,0.879,0.931,0.0828,0.407,93.595,audio_features,6wAgdQ4x74ObJM3kmfVLoJ,spotify:track:6wAgdQ4x74ObJM3kmfVLoJ,https://api.spotify.com/v1/tracks/6wAgdQ4x74ObJM3kmfVLoJ,https://api.spotify.com/v1/audio-analysis/6wAgdQ4x74ObJM3kmfVLoJ,84933.0,4.0,,6wAgdQ4x74ObJM3kmfVLoJ,"Central African Republic: La Renaissance (The Rebirth), ""Oh! Central Africa…""",Central African Republic
38,59HrvgIEwqqPy5YJ2hACWK,0.633,0.187,10.0,-17.917,1.0,0.0456,0.896,0.911,0.172,0.479,108.321,audio_features,59HrvgIEwqqPy5YJ2hACWK,spotify:track:59HrvgIEwqqPy5YJ2hACWK,https://api.spotify.com/v1/tracks/59HrvgIEwqqPy5YJ2hACWK,https://api.spotify.com/v1/audio-analysis/59HrvgIEwqqPy5YJ2hACWK,79853.0,4.0,,59HrvgIEwqqPy5YJ2hACWK,"Chad: La Tchadienne (The Song of Chad), ""Oh, my Country, may God protect you…""",Chad
39,2jAbQRc92My1NhmBpsaYrH,0.604,0.342,3.0,-18.366,1.0,0.0548,0.833,0.958,0.211,0.536,114.264,audio_features,2jAbQRc92My1NhmBpsaYrH,spotify:track:2jAbQRc92My1NhmBpsaYrH,https://api.spotify.com/v1/tracks/2jAbQRc92My1NhmBpsaYrH,https://api.spotify.com/v1/audio-analysis/2jAbQRc92My1NhmBpsaYrH,126560.0,4.0,,2jAbQRc92My1NhmBpsaYrH,National Anthem of Chile (Chile) [Arr. P. Breiner],National Anthem of Chile (Chile) 
40,0Jy4t3XLkajj3JDrmhxqqm,0.58,0.206,7.0,-16.009,1.0,0.0456,0.91,0.975,0.0841,0.584,96.92,audio_features,0Jy4t3XLkajj3JDrmhxqqm,spotify:track:0Jy4t3XLkajj3JDrmhxqqm,https://api.spotify.com/v1/tracks/0Jy4t3XLkajj3JDrmhxqqm,https://api.spotify.com/v1/audio-analysis/0Jy4t3XLkajj3JDrmhxqqm,52333.0,4.0,,0Jy4t3XLkajj3JDrmhxqqm,The March of the Volunteers (People's Republic of China) [Arr. P. Breiner],The March of the Volunteers (People's Republic of China) 
41,63lR4nMRhf5gXuqxGzmCRV,0.574,0.125,3.0,-17.525,1.0,0.0323,0.922,0.699,0.148,0.501,105.331,audio_features,63lR4nMRhf5gXuqxGzmCRV,spotify:track:63lR4nMRhf5gXuqxGzmCRV,https://api.spotify.com/v1/tracks/63lR4nMRhf5gXuqxGzmCRV,https://api.spotify.com/v1/audio-analysis/63lR4nMRhf5gXuqxGzmCRV,160293.0,4.0,,63lR4nMRhf5gXuqxGzmCRV,National Anthem of the Republic of Colombia (Colombia) [Arr. P. Breiner],National Anthem of the Republic of Colombia (Colombia) 
42,73tUN6i5pduySUdrtGmhud,0.565,0.231,5.0,-17.443,1.0,0.0293,0.854,0.891,0.378,0.727,107.906,audio_features,73tUN6i5pduySUdrtGmhud,spotify:track:73tUN6i5pduySUdrtGmhud,https://api.spotify.com/v1/tracks/73tUN6i5pduySUdrtGmhud,https://api.spotify.com/v1/audio-analysis/73tUN6i5pduySUdrtGmhud,101840.0,4.0,,73tUN6i5pduySUdrtGmhud,The Union of the Great Islands (Comoros) [Arr. P. Breiner],The Union of the Great Islands (Comoros) 
43,0GM9oYyB8Z5kfNanNit4ri,0.572,0.203,5.0,-17.202,1.0,0.0283,0.876,0.873,0.062,0.537,106.863,audio_features,0GM9oYyB8Z5kfNanNit4ri,spotify:track:0GM9oYyB8Z5kfNanNit4ri,https://api.spotify.com/v1/tracks/0GM9oYyB8Z5kfNanNit4ri,https://api.spotify.com/v1/audio-analysis/0GM9oYyB8Z5kfNanNit4ri,197093.0,4.0,,0GM9oYyB8Z5kfNanNit4ri,The Congolese (Republic of the Congo) [Arr. P. Breiner],The Congolese (Republic of the Congo) 
44,6SWvbMv2tZncCOy1Hg4XNQ,0.295,0.176,0.0,-16.709,1.0,0.0413,0.685,0.546,0.0937,0.456,93.687,audio_features,6SWvbMv2tZncCOy1Hg4XNQ,spotify:track:6SWvbMv2tZncCOy1Hg4XNQ,https://api.spotify.com/v1/tracks/6SWvbMv2tZncCOy1Hg4XNQ,https://api.spotify.com/v1/audio-analysis/6SWvbMv2tZncCOy1Hg4XNQ,89333.0,3.0,,6SWvbMv2tZncCOy1Hg4XNQ,Arise Congolese (Democratic Republic of the Congo) [Arr. P. Breiner],Arise Congolese (Democratic Republic of the Congo) 
45,61tCfzIFPISHpCSYPxnWNO,0.625,0.104,3.0,-16.892,1.0,0.0332,0.969,0.938,0.0976,0.422,105.637,audio_features,61tCfzIFPISHpCSYPxnWNO,spotify:track:61tCfzIFPISHpCSYPxnWNO,https://api.spotify.com/v1/tracks/61tCfzIFPISHpCSYPxnWNO,https://api.spotify.com/v1/audio-analysis/61tCfzIFPISHpCSYPxnWNO,87000.0,4.0,,61tCfzIFPISHpCSYPxnWNO,Costa Rican National Anthem (Costa Rica) [Arr. P. Breiner],Costa Rican National Anthem (Costa Rica) 
46,29sHwMRXjZWYj2FwA8rYff,0.293,0.123,7.0,-14.755,1.0,0.0266,0.646,0.844,0.0611,0.348,66.128,audio_features,29sHwMRXjZWYj2FwA8rYff,spotify:track:29sHwMRXjZWYj2FwA8rYff,https://api.spotify.com/v1/tracks/29sHwMRXjZWYj2FwA8rYff,https://api.spotify.com/v1/audio-analysis/29sHwMRXjZWYj2FwA8rYff,64787.0,4.0,,29sHwMRXjZWYj2FwA8rYff,Our Beautiful Homeland (Croatia) [Arr. P. Breiner],Our Beautiful Homeland (Croatia) 
47,00nS9ZVcWjsmVPRyriZGAI,0.524,0.276,10.0,-17.423,1.0,0.0497,0.944,0.863,0.153,0.456,115.945,audio_features,00nS9ZVcWjsmVPRyriZGAI,spotify:track:00nS9ZVcWjsmVPRyriZGAI,https://api.spotify.com/v1/tracks/00nS9ZVcWjsmVPRyriZGAI,https://api.spotify.com/v1/audio-analysis/00nS9ZVcWjsmVPRyriZGAI,74667.0,4.0,,00nS9ZVcWjsmVPRyriZGAI,The Bayamo Song (Cuba) [Arr. P. Breiner],The Bayamo Song (Cuba) 
48,4yHoKiLSQrIW0mFELCZSmh,0.211,0.155,7.0,-16.297,1.0,0.0312,0.852,0.773,0.114,0.122,139.3,audio_features,4yHoKiLSQrIW0mFELCZSmh,spotify:track:4yHoKiLSQrIW0mFELCZSmh,https://api.spotify.com/v1/tracks/4yHoKiLSQrIW0mFELCZSmh,https://api.spotify.com/v1/audio-analysis/4yHoKiLSQrIW0mFELCZSmh,85213.0,4.0,,4yHoKiLSQrIW0mFELCZSmh,Anthem of Curaçao (Curaçao) [Arr. P. Breiner] [Short Version],Anthem of Curaçao (Curaçao) 
49,7aSIXDUWbYq3EQZjEccnkY,0.464,0.202,5.0,-15.4,1.0,0.0322,0.782,0.936,0.098,0.384,93.367,audio_features,7aSIXDUWbYq3EQZjEccnkY,spotify:track:7aSIXDUWbYq3EQZjEccnkY,https://api.spotify.com/v1/tracks/7aSIXDUWbYq3EQZjEccnkY,https://api.spotify.com/v1/audio-analysis/7aSIXDUWbYq3EQZjEccnkY,56520.0,3.0,,7aSIXDUWbYq3EQZjEccnkY,Hymn to Freedom (Cyprus) [Arr. P. Breiner],Hymn to Freedom (Cyprus) 
50,1u6NJArnQldluowQkyUaCZ,0.227,0.363,3.0,-14.902,1.0,0.0364,0.673,0.922,0.125,0.28,64.062,audio_features,1u6NJArnQldluowQkyUaCZ,spotify:track:1u6NJArnQldluowQkyUaCZ,https://api.spotify.com/v1/tracks/1u6NJArnQldluowQkyUaCZ,https://api.spotify.com/v1/audio-analysis/1u6NJArnQldluowQkyUaCZ,73720.0,4.0,,1u6NJArnQldluowQkyUaCZ,Where Is My Home? (Czech Republic) [Arr. P. Breiner] [Olympic Version],Where Is My Home? (Czech Republic) 
51,4VtjU65fAhhArHQL2zKVoW,0.111,0.259,2.0,-16.364,1.0,0.047,0.839,0.948,0.087,0.172,81.107,audio_features,4VtjU65fAhhArHQL2zKVoW,spotify:track:4VtjU65fAhhArHQL2zKVoW,https://api.spotify.com/v1/tracks/4VtjU65fAhhArHQL2zKVoW,https://api.spotify.com/v1/audio-analysis/4VtjU65fAhhArHQL2zKVoW,60400.0,4.0,,4VtjU65fAhhArHQL2zKVoW,There Is a Lovely Land (Denmark) [Arr. P. Breiner] [Olympic Version],There Is a Lovely Land (Denmark) 
52,7oXR139jElOIGgJ3siUD5o,0.515,0.297,7.0,-14.078,1.0,0.0355,0.773,0.217,0.186,0.664,116.04,audio_features,7oXR139jElOIGgJ3siUD5o,spotify:track:7oXR139jElOIGgJ3siUD5o,https://api.spotify.com/v1/tracks/7oXR139jElOIGgJ3siUD5o,https://api.spotify.com/v1/audio-analysis/7oXR139jElOIGgJ3siUD5o,47280.0,4.0,,7oXR139jElOIGgJ3siUD5o,Djibouti (Djibouti) [Arr. P. Breiner],Djibouti (Djibouti) 
53,7M6cIe977NVY2op2Hhe1Mk,0.373,0.156,0.0,-16.654,1.0,0.0288,0.482,0.923,0.0819,0.48,89.007,audio_features,7M6cIe977NVY2op2Hhe1Mk,spotify:track:7M6cIe977NVY2op2Hhe1Mk,https://api.spotify.com/v1/tracks/7M6cIe977NVY2op2Hhe1Mk,https://api.spotify.com/v1/audio-analysis/7M6cIe977NVY2op2Hhe1Mk,55413.0,3.0,,7M6cIe977NVY2op2Hhe1Mk,"Isle of Beauty, Isle of Splendour (Dominica) [Arr. P. Breiner] [Short Version]","Isle of Beauty, Isle of Splendour (Dominica) "
54,24ksWDgu0M8HcxL288h4Ry,0.521,0.0617,3.0,-18.956,1.0,0.0448,0.958,0.663,0.0886,0.366,93.689,audio_features,24ksWDgu0M8HcxL288h4Ry,spotify:track:24ksWDgu0M8HcxL288h4Ry,https://api.spotify.com/v1/tracks/24ksWDgu0M8HcxL288h4Ry,https://api.spotify.com/v1/audio-analysis/24ksWDgu0M8HcxL288h4Ry,88000.0,4.0,,24ksWDgu0M8HcxL288h4Ry,National Anthem (Dominican Republic) [Arr. P. Breiner] [Olympic Version],National Anthem (Dominican Republic) 
55,2ChEawGRF0D5PP3sorx95p,0.324,0.251,0.0,-13.966,1.0,0.0339,0.698,0.607,0.12,0.47,137.706,audio_features,2ChEawGRF0D5PP3sorx95p,spotify:track:2ChEawGRF0D5PP3sorx95p,https://api.spotify.com/v1/tracks/2ChEawGRF0D5PP3sorx95p,https://api.spotify.com/v1/audio-analysis/2ChEawGRF0D5PP3sorx95p,68200.0,4.0,,2ChEawGRF0D5PP3sorx95p,Fatherland (East Timor) [Arr. P. Breiner] [Short Version],Fatherland (East Timor) 
56,2rnJuHrX7WzhMZEJwD36sJ,0.482,0.0584,7.0,-19.365,1.0,0.0335,0.9,0.731,0.0446,0.407,106.683,audio_features,2rnJuHrX7WzhMZEJwD36sJ,spotify:track:2rnJuHrX7WzhMZEJwD36sJ,https://api.spotify.com/v1/tracks/2rnJuHrX7WzhMZEJwD36sJ,https://api.spotify.com/v1/audio-analysis/2rnJuHrX7WzhMZEJwD36sJ,80240.0,4.0,,2rnJuHrX7WzhMZEJwD36sJ,"We Salute You, Our Homeland (Ecuador) [Arr. P. Breiner] [Olympic Version]","We Salute You, Our Homeland (Ecuador) "
57,1LSmDgMrjDJRYS3sju3X9Q,0.22,0.196,5.0,-15.65,1.0,0.048,0.952,0.782,0.0432,0.352,172.546,audio_features,1LSmDgMrjDJRYS3sju3X9Q,spotify:track:1LSmDgMrjDJRYS3sju3X9Q,https://api.spotify.com/v1/tracks/1LSmDgMrjDJRYS3sju3X9Q,https://api.spotify.com/v1/audio-analysis/1LSmDgMrjDJRYS3sju3X9Q,63667.0,4.0,,1LSmDgMrjDJRYS3sju3X9Q,"My Homeland, My Homeland, My Homeland (Egypt) [Arr. P. Breiner] [Short Version]","My Homeland, My Homeland, My Homeland (Egypt) "
58,51K19izhdHZ7K2g5phWZXF,0.433,0.371,1.0,-18.887,1.0,0.0903,0.649,0.0848,0.419,0.737,103.275,audio_features,51K19izhdHZ7K2g5phWZXF,spotify:track:51K19izhdHZ7K2g5phWZXF,https://api.spotify.com/v1/tracks/51K19izhdHZ7K2g5phWZXF,https://api.spotify.com/v1/audio-analysis/51K19izhdHZ7K2g5phWZXF,84227.0,3.0,,51K19izhdHZ7K2g5phWZXF,National Anthem of El Salvador (El Salvador) [Arr. P. Breiner] [Olympic Version],National Anthem of El Salvador (El Salvador) 
59,0LInriru90opIJRnA8BkL0,0.323,0.252,7.0,-12.955,1.0,0.0318,0.676,0.977,0.224,0.355,73.223,audio_features,0LInriru90opIJRnA8BkL0,spotify:track:0LInriru90opIJRnA8BkL0,https://api.spotify.com/v1/tracks/0LInriru90opIJRnA8BkL0,https://api.spotify.com/v1/audio-analysis/0LInriru90opIJRnA8BkL0,77160.0,4.0,,0LInriru90opIJRnA8BkL0,Land of Hope and Glory (England) [Arr. P. Breiner],Land of Hope and Glory (England) 
60,05hj7RXvEN2wtyMCMgJ0JH,0.655,0.293,9.0,-14.566,1.0,0.036,0.692,0.943,0.0684,0.668,94.631,audio_features,05hj7RXvEN2wtyMCMgJ0JH,spotify:track:05hj7RXvEN2wtyMCMgJ0JH,https://api.spotify.com/v1/tracks/05hj7RXvEN2wtyMCMgJ0JH,https://api.spotify.com/v1/audio-analysis/05hj7RXvEN2wtyMCMgJ0JH,106840.0,4.0,,05hj7RXvEN2wtyMCMgJ0JH,Let Us Tread the Paths of Our Great Happiness (Equatorial Guinea) [Arr. P. Breiner],Let Us Tread the Paths of Our Great Happiness (Equatorial Guinea) 
61,4c9Kt9NDrVoYkZqEV5kqez,0.497,0.231,5.0,-14.776,1.0,0.0278,0.827,0.961,0.155,0.651,83.477,audio_features,4c9Kt9NDrVoYkZqEV5kqez,spotify:track:4c9Kt9NDrVoYkZqEV5kqez,https://api.spotify.com/v1/tracks/4c9Kt9NDrVoYkZqEV5kqez,https://api.spotify.com/v1/audio-analysis/4c9Kt9NDrVoYkZqEV5kqez,68613.0,4.0,,4c9Kt9NDrVoYkZqEV5kqez,"Eritrea: ""Eritrea, Eritrea, Eritrea, her sacrifices, rewarded by freedom…"" (arr. P. Breiner)",Eritrea
62,2odDshmc0MMPdEKohU3YX7,0.373,0.0424,0.0,-19.627,1.0,0.0475,0.937,0.847,0.0584,0.386,87.174,audio_features,2odDshmc0MMPdEKohU3YX7,spotify:track:2odDshmc0MMPdEKohU3YX7,https://api.spotify.com/v1/tracks/2odDshmc0MMPdEKohU3YX7,https://api.spotify.com/v1/audio-analysis/2odDshmc0MMPdEKohU3YX7,67840.0,3.0,,2odDshmc0MMPdEKohU3YX7,"Estonia: ""My native land, my joy, delight…""",Estonia
63,1J0XiyoLP6g8daVKcfGago,0.3,0.32,0.0,-17.1,1.0,0.0514,0.836,0.944,0.105,0.426,113.379,audio_features,1J0XiyoLP6g8daVKcfGago,spotify:track:1J0XiyoLP6g8daVKcfGago,https://api.spotify.com/v1/tracks/1J0XiyoLP6g8daVKcfGago,https://api.spotify.com/v1/audio-analysis/1J0XiyoLP6g8daVKcfGago,78773.0,4.0,,1J0XiyoLP6g8daVKcfGago,"Ethiopia: Whedefit Gesgeshi Woude Henate Ityopya, ""Respect for citizenship is strong…"" (Olympic version)",Ethiopia
64,2ohrbrhhos7fbPVazeYAoP,0.386,0.293,9.0,-14.675,0.0,0.0352,0.832,0.963,0.119,0.787,75.023,audio_features,2ohrbrhhos7fbPVazeYAoP,spotify:track:2ohrbrhhos7fbPVazeYAoP,https://api.spotify.com/v1/tracks/2ohrbrhhos7fbPVazeYAoP,https://api.spotify.com/v1/audio-analysis/2ohrbrhhos7fbPVazeYAoP,49947.0,3.0,,2ohrbrhhos7fbPVazeYAoP,"Faeroe Islands: ""My land, oh most beauteous, possession most dear…"" (Olympic version) [arr. P. Breiner]",Faeroe Islands
65,3h5iUCG7xK78XOM5uY9Mr6,0.294,0.192,10.0,-13.769,1.0,0.0307,0.918,0.855,0.103,0.42,101.824,audio_features,3h5iUCG7xK78XOM5uY9Mr6,spotify:track:3h5iUCG7xK78XOM5uY9Mr6,https://api.spotify.com/v1/tracks/3h5iUCG7xK78XOM5uY9Mr6,https://api.spotify.com/v1/audio-analysis/3h5iUCG7xK78XOM5uY9Mr6,86107.0,4.0,,3h5iUCG7xK78XOM5uY9Mr6,"Fiji: Meda Dau Doka (God Bless Fiji), ""Blessing grant, Oh God of nations…""",Fiji
66,1fEn8NIrGCRILgZLUodoXj,0.212,0.1,0.0,-15.501,1.0,0.0423,0.869,0.828,0.0998,0.373,73.014,audio_features,1fEn8NIrGCRILgZLUodoXj,spotify:track:1fEn8NIrGCRILgZLUodoXj,https://api.spotify.com/v1/tracks/1fEn8NIrGCRILgZLUodoXj,https://api.spotify.com/v1/audio-analysis/1fEn8NIrGCRILgZLUodoXj,61227.0,3.0,,1fEn8NIrGCRILgZLUodoXj,"Finland: Maame (Our Land), ""Oh our land, Finland, fatherland…""",Finland
67,25sPt9bcAZMFk83ZbeJgua,0.368,0.0811,7.0,-17.203,1.0,0.0329,0.948,0.882,0.0685,0.424,108.725,audio_features,25sPt9bcAZMFk83ZbeJgua,spotify:track:25sPt9bcAZMFk83ZbeJgua,https://api.spotify.com/v1/tracks/25sPt9bcAZMFk83ZbeJgua,https://api.spotify.com/v1/audio-analysis/25sPt9bcAZMFk83ZbeJgua,67067.0,4.0,,25sPt9bcAZMFk83ZbeJgua,"France: La Marseillaise (The March of Marseille), ""Arise, children of the fatherland…"" [arr. P. Breiner]",France
68,6H7w2gewCBOeMEAnlaM0Fk,0.41,0.153,7.0,-17.848,1.0,0.0435,0.912,0.92,0.128,0.4,97.265,audio_features,6H7w2gewCBOeMEAnlaM0Fk,spotify:track:6H7w2gewCBOeMEAnlaM0Fk,https://api.spotify.com/v1/tracks/6H7w2gewCBOeMEAnlaM0Fk,https://api.spotify.com/v1/audio-analysis/6H7w2gewCBOeMEAnlaM0Fk,85920.0,4.0,,6H7w2gewCBOeMEAnlaM0Fk,"Gabon La Concorde: (The Concord), ""Dazzling and proud…"" [Olympic version] [arr. P. Breiner]",Gabon La Concorde
69,0Mz1hdObfCn0cJvaGTrmJ4,0.217,0.0596,0.0,-19.659,1.0,0.0389,0.95,0.971,0.162,0.485,80.489,audio_features,0Mz1hdObfCn0cJvaGTrmJ4,spotify:track:0Mz1hdObfCn0cJvaGTrmJ4,https://api.spotify.com/v1/tracks/0Mz1hdObfCn0cJvaGTrmJ4,https://api.spotify.com/v1/audio-analysis/0Mz1hdObfCn0cJvaGTrmJ4,70920.0,1.0,,0Mz1hdObfCn0cJvaGTrmJ4,"Gambia: ""For the Gambia, our homeland…""",Gambia
70,0WMo7Rp6S4ugWPb7aGDQhq,0.275,0.33,10.0,-14.708,1.0,0.0311,0.357,0.946,0.329,0.748,89.13,audio_features,0WMo7Rp6S4ugWPb7aGDQhq,spotify:track:0WMo7Rp6S4ugWPb7aGDQhq,https://api.spotify.com/v1/tracks/0WMo7Rp6S4ugWPb7aGDQhq,https://api.spotify.com/v1/audio-analysis/0WMo7Rp6S4ugWPb7aGDQhq,72867.0,4.0,,0WMo7Rp6S4ugWPb7aGDQhq,"Georgia: Tavisupleba (Liberty), ""My icon is my motherland…"" [2004 onwards] [short version]",Georgia
71,2tLf0KVJgOftjR6o1yw2K9,0.257,0.226,3.0,-17.737,1.0,0.0292,0.763,0.583,0.12,0.375,60.798,audio_features,2tLf0KVJgOftjR6o1yw2K9,spotify:track:2tLf0KVJgOftjR6o1yw2K9,https://api.spotify.com/v1/tracks/2tLf0KVJgOftjR6o1yw2K9,https://api.spotify.com/v1/audio-analysis/2tLf0KVJgOftjR6o1yw2K9,86187.0,4.0,,2tLf0KVJgOftjR6o1yw2K9,Germany: Lied der Deutschen (Song of the Germans) [arr. P. Breiner],Germany
72,5QkDamosnSLX03ZC8zX7aq,0.42,0.334,8.0,-14.982,1.0,0.0284,0.79,0.877,0.108,0.857,94.715,audio_features,5QkDamosnSLX03ZC8zX7aq,spotify:track:5QkDamosnSLX03ZC8zX7aq,https://api.spotify.com/v1/tracks/5QkDamosnSLX03ZC8zX7aq,https://api.spotify.com/v1/audio-analysis/5QkDamosnSLX03ZC8zX7aq,58653.0,4.0,,5QkDamosnSLX03ZC8zX7aq,Ghana: God Bless Our Homeland Ghana (arr. P. Breiner),Ghana
73,22ZaAJ8zCMjXhQmFomW2Kb,0.302,0.17,7.0,-15.376,1.0,0.0298,0.86,0.935,0.0906,0.318,94.404,audio_features,22ZaAJ8zCMjXhQmFomW2Kb,spotify:track:22ZaAJ8zCMjXhQmFomW2Kb,https://api.spotify.com/v1/tracks/22ZaAJ8zCMjXhQmFomW2Kb,https://api.spotify.com/v1/audio-analysis/22ZaAJ8zCMjXhQmFomW2Kb,117987.0,4.0,,22ZaAJ8zCMjXhQmFomW2Kb,"Gibraltar: ""Gibraltar, Gibraltar, the rock on which I stand…"" (arr. P. Breiner)",Gibraltar
74,4FusK4FPzlDXxORfo1m7zq,0.251,0.303,10.0,-13.597,1.0,0.0378,0.754,0.904,0.161,0.584,112.492,audio_features,4FusK4FPzlDXxORfo1m7zq,spotify:track:4FusK4FPzlDXxORfo1m7zq,https://api.spotify.com/v1/tracks/4FusK4FPzlDXxORfo1m7zq,https://api.spotify.com/v1/audio-analysis/4FusK4FPzlDXxORfo1m7zq,47867.0,5.0,,4FusK4FPzlDXxORfo1m7zq,"Great Britain: God Save the Queen, ""God save our gracious Queen…"" (Olympic version) [arr. P. Breiner]",Great Britain
75,7voEW8rNaK27IVYbb3nh2j,0.469,0.21,5.0,-15.366,1.0,0.0285,0.786,0.946,0.13,0.456,92.942,audio_features,7voEW8rNaK27IVYbb3nh2j,spotify:track:7voEW8rNaK27IVYbb3nh2j,https://api.spotify.com/v1/tracks/7voEW8rNaK27IVYbb3nh2j,https://api.spotify.com/v1/audio-analysis/7voEW8rNaK27IVYbb3nh2j,52027.0,3.0,,7voEW8rNaK27IVYbb3nh2j,"Greece: Ymnos eis tin Eleftherian (Hymn to Freedom), ""I shall always recognise you…""",Greece
76,0b0clBBEoH8sp9TOcXxUqN,0.475,0.0219,0.0,-17.9,1.0,0.042,0.973,0.956,0.114,0.534,119.479,audio_features,0b0clBBEoH8sp9TOcXxUqN,spotify:track:0b0clBBEoH8sp9TOcXxUqN,https://api.spotify.com/v1/tracks/0b0clBBEoH8sp9TOcXxUqN,https://api.spotify.com/v1/audio-analysis/0b0clBBEoH8sp9TOcXxUqN,44160.0,4.0,,0b0clBBEoH8sp9TOcXxUqN,"Greenland: ""Our country, who's become so old your head…"" (arr. P. Breiner)",Greenland
77,2jT54WUuhMO1aTA6soJovF,0.29,0.164,2.0,-17.433,1.0,0.0307,0.82,0.786,0.0841,0.542,136.495,audio_features,2jT54WUuhMO1aTA6soJovF,spotify:track:2jT54WUuhMO1aTA6soJovF,https://api.spotify.com/v1/tracks/2jT54WUuhMO1aTA6soJovF,https://api.spotify.com/v1/audio-analysis/2jT54WUuhMO1aTA6soJovF,92747.0,4.0,,2jT54WUuhMO1aTA6soJovF,"Grenada: ""Hail! Grenada, land of ours…""",Grenada
78,1YOgSHDR1NFRzp3bw5e8EY,0.574,0.309,3.0,-17.566,1.0,0.0379,0.884,0.441,0.266,0.635,108.893,audio_features,1YOgSHDR1NFRzp3bw5e8EY,spotify:track:1YOgSHDR1NFRzp3bw5e8EY,https://api.spotify.com/v1/tracks/1YOgSHDR1NFRzp3bw5e8EY,https://api.spotify.com/v1/audio-analysis/1YOgSHDR1NFRzp3bw5e8EY,72760.0,4.0,,1YOgSHDR1NFRzp3bw5e8EY,"Guam: Guam Hymn, ""Stand ye Guamanians for your country…"" (arr. P. Breiner)",Guam
79,2qgTtLzcCy2V6Hnycw8AQH,0.385,0.163,7.0,-14.678,1.0,0.0268,0.926,0.926,0.35,0.397,82.859,audio_features,2qgTtLzcCy2V6Hnycw8AQH,spotify:track:2qgTtLzcCy2V6Hnycw8AQH,https://api.spotify.com/v1/tracks/2qgTtLzcCy2V6Hnycw8AQH,https://api.spotify.com/v1/audio-analysis/2qgTtLzcCy2V6Hnycw8AQH,78827.0,4.0,,2qgTtLzcCy2V6Hnycw8AQH,"Guatemala: ""Fortunate Guatemala!…"" (Olympic version)",Guatemala
80,41XK7TFpKjSBkDwv5syuOa,0.168,0.15,7.0,-17.094,1.0,0.0432,0.957,0.786,0.098,0.111,102.159,audio_features,41XK7TFpKjSBkDwv5syuOa,spotify:track:41XK7TFpKjSBkDwv5syuOa,https://api.spotify.com/v1/tracks/41XK7TFpKjSBkDwv5syuOa,https://api.spotify.com/v1/audio-analysis/41XK7TFpKjSBkDwv5syuOa,89853.0,4.0,,41XK7TFpKjSBkDwv5syuOa,"Guinea: Liberté (Liberty), ""People of Africa! The historic past!…""",Guinea
81,2IvhpUr58yJgtSIDnTp5Gw,0.451,0.119,7.0,-21.106,1.0,0.0409,0.855,0.935,0.0859,0.431,101.475,audio_features,2IvhpUr58yJgtSIDnTp5Gw,spotify:track:2IvhpUr58yJgtSIDnTp5Gw,https://api.spotify.com/v1/tracks/2IvhpUr58yJgtSIDnTp5Gw,https://api.spotify.com/v1/audio-analysis/2IvhpUr58yJgtSIDnTp5Gw,121093.0,4.0,,2IvhpUr58yJgtSIDnTp5Gw,"Guinea-Bissau: Esta é Nossa Pátria Bem Amada (This is Our Beloved Country), ""Sun, sweat, verdure and sea…""",Guinea-Bissau
82,1AuqjWS43ZyPhinLacUZlP,0.233,0.18,9.0,-18.76,1.0,0.0351,0.824,0.869,0.107,0.318,66.141,audio_features,1AuqjWS43ZyPhinLacUZlP,spotify:track:1AuqjWS43ZyPhinLacUZlP,https://api.spotify.com/v1/tracks/1AuqjWS43ZyPhinLacUZlP,https://api.spotify.com/v1/audio-analysis/1AuqjWS43ZyPhinLacUZlP,66933.0,5.0,,1AuqjWS43ZyPhinLacUZlP,"Guyana: ""Dear land of Guyana of rivers and plains"" (arr. P. Breiner)",Guyana
83,5mQBReweg4IL1UzE949eu8,0.608,0.351,10.0,-14.247,1.0,0.0425,0.811,0.894,0.324,0.676,96.474,audio_features,5mQBReweg4IL1UzE949eu8,spotify:track:5mQBReweg4IL1UzE949eu8,https://api.spotify.com/v1/tracks/5mQBReweg4IL1UzE949eu8,https://api.spotify.com/v1/audio-analysis/5mQBReweg4IL1UzE949eu8,52560.0,4.0,,5mQBReweg4IL1UzE949eu8,"Haiti: La Dessalinienne (The Dessalines Song), ""For our country, for our forefathers…""",Haiti
84,73jmlqes89rLnLCPsF91gn,0.48,0.148,0.0,-16.582,1.0,0.0327,0.93,0.752,0.0806,0.448,98.378,audio_features,73jmlqes89rLnLCPsF91gn,spotify:track:73jmlqes89rLnLCPsF91gn,https://api.spotify.com/v1/tracks/73jmlqes89rLnLCPsF91gn,https://api.spotify.com/v1/audio-analysis/73jmlqes89rLnLCPsF91gn,68253.0,4.0,,73jmlqes89rLnLCPsF91gn,"Honduras: ""Like an Indian maiden you were sleeping…"" (Olympic version) [arr. P. Breiner]",Honduras
85,42JxK4ESuWFUPzqe1AABpW,0.125,0.0818,3.0,-20.078,1.0,0.035,0.981,0.887,0.14,0.0398,96.689,audio_features,42JxK4ESuWFUPzqe1AABpW,spotify:track:42JxK4ESuWFUPzqe1AABpW,https://api.spotify.com/v1/tracks/42JxK4ESuWFUPzqe1AABpW,https://api.spotify.com/v1/audio-analysis/42JxK4ESuWFUPzqe1AABpW,83093.0,4.0,,42JxK4ESuWFUPzqe1AABpW,"Hungary: Himnusz (Hymn), ""God Bless the Hungarians with good cheer…"" [Olympic version] [arr. P. Breiner]",Hungary
86,32OORRcSQDB9K9d2lrq4Yr,0.167,0.0535,10.0,-23.201,1.0,0.0459,0.985,0.9,0.123,0.0412,128.993,audio_features,32OORRcSQDB9K9d2lrq4Yr,spotify:track:32OORRcSQDB9K9d2lrq4Yr,https://api.spotify.com/v1/tracks/32OORRcSQDB9K9d2lrq4Yr,https://api.spotify.com/v1/audio-analysis/32OORRcSQDB9K9d2lrq4Yr,86787.0,5.0,,32OORRcSQDB9K9d2lrq4Yr,"Iceland: Lofsongur (Song of Praise), ""O God of our land…"" (Olympic version)",Iceland
87,1OBrv2snr11uCQUZaEx9iU,0.216,0.262,3.0,-16.875,1.0,0.04,0.633,0.849,0.119,0.22,115.029,audio_features,1OBrv2snr11uCQUZaEx9iU,spotify:track:1OBrv2snr11uCQUZaEx9iU,https://api.spotify.com/v1/tracks/1OBrv2snr11uCQUZaEx9iU,https://api.spotify.com/v1/audio-analysis/1OBrv2snr11uCQUZaEx9iU,64720.0,4.0,,1OBrv2snr11uCQUZaEx9iU,"India: ""Glory to thee, ruler of our hearts and of India's destiny!…"" (arr. P. Breiner)",India
88,7Ej4N0d0fJw8C1A6jffHIy,0.405,0.429,7.0,-15.378,1.0,0.0391,0.834,0.17,0.0859,0.423,108.601,audio_features,7Ej4N0d0fJw8C1A6jffHIy,spotify:track:7Ej4N0d0fJw8C1A6jffHIy,https://api.spotify.com/v1/tracks/7Ej4N0d0fJw8C1A6jffHIy,https://api.spotify.com/v1/audio-analysis/7Ej4N0d0fJw8C1A6jffHIy,86973.0,4.0,,7Ej4N0d0fJw8C1A6jffHIy,"Indonesia: ""Indonesia, our native country, our birthplace…"" (arr. P. Breiner)",Indonesia
89,3e2KYjwBoAxPvTwWHZ6wED,0.292,0.155,7.0,-17.291,1.0,0.0406,0.796,0.931,0.0983,0.237,136.882,audio_features,3e2KYjwBoAxPvTwWHZ6wED,spotify:track:3e2KYjwBoAxPvTwWHZ6wED,https://api.spotify.com/v1/tracks/3e2KYjwBoAxPvTwWHZ6wED,https://api.spotify.com/v1/audio-analysis/3e2KYjwBoAxPvTwWHZ6wED,71200.0,4.0,,3e2KYjwBoAxPvTwWHZ6wED,"Iran: ""Upwards on the horizon rises the Eastern Sun…""",Iran
90,6TbawcCSCoC8UrF4Zj1SPb,0.38,0.392,7.0,-14.19,0.0,0.0347,0.783,0.919,0.29,0.752,95.094,audio_features,6TbawcCSCoC8UrF4Zj1SPb,spotify:track:6TbawcCSCoC8UrF4Zj1SPb,https://api.spotify.com/v1/tracks/6TbawcCSCoC8UrF4Zj1SPb,https://api.spotify.com/v1/audio-analysis/6TbawcCSCoC8UrF4Zj1SPb,66693.0,3.0,,6TbawcCSCoC8UrF4Zj1SPb,"Iraq: Mawtini (My Homeland), ""My homeland, my homeland, glory and beauty…"" [2004 onwards] [short version]",Iraq
91,0pl1Gs4FeURl63j55WaVvA,0.318,0.165,10.0,-18.508,1.0,0.0336,0.863,0.802,0.1,0.333,33.333,audio_features,0pl1Gs4FeURl63j55WaVvA,spotify:track:0pl1Gs4FeURl63j55WaVvA,https://api.spotify.com/v1/tracks/0pl1Gs4FeURl63j55WaVvA,https://api.spotify.com/v1/audio-analysis/0pl1Gs4FeURl63j55WaVvA,79547.0,4.0,,0pl1Gs4FeURl63j55WaVvA,"Ireland: Amhran na bhFiann (The Soldier's Song), ""Soldiers are we…""",Ireland
92,6cuzFOMRGtAMXRIJhwoHjZ,0.0784,0.104,2.0,-21.252,0.0,0.0343,0.742,0.809,0.067,0.329,68.53,audio_features,6cuzFOMRGtAMXRIJhwoHjZ,spotify:track:6cuzFOMRGtAMXRIJhwoHjZ,https://api.spotify.com/v1/tracks/6cuzFOMRGtAMXRIJhwoHjZ,https://api.spotify.com/v1/audio-analysis/6cuzFOMRGtAMXRIJhwoHjZ,86813.0,4.0,,6cuzFOMRGtAMXRIJhwoHjZ,"Israel: Hatikvah (The Hope), ""While yet within the heart…"" [arr. P. Breiner]",Israel
93,34CP2srPrDwymC15CK34he,0.519,0.181,10.0,-18.332,1.0,0.0496,0.905,0.898,0.344,0.335,108.05,audio_features,34CP2srPrDwymC15CK34he,spotify:track:34CP2srPrDwymC15CK34he,https://api.spotify.com/v1/tracks/34CP2srPrDwymC15CK34he,https://api.spotify.com/v1/audio-analysis/34CP2srPrDwymC15CK34he,107493.0,4.0,,34CP2srPrDwymC15CK34he,"Italy: Il Canto degli Italiani (The Song of the Italians), ""Italian Brother, Italy has awakened…""",Italy
94,2YdRwCSdJulOC9DZkjUBYu,0.651,0.242,7.0,-16.048,1.0,0.0351,0.778,0.922,0.285,0.757,96.504,audio_features,2YdRwCSdJulOC9DZkjUBYu,spotify:track:2YdRwCSdJulOC9DZkjUBYu,https://api.spotify.com/v1/tracks/2YdRwCSdJulOC9DZkjUBYu,https://api.spotify.com/v1/audio-analysis/2YdRwCSdJulOC9DZkjUBYu,76347.0,4.0,,2YdRwCSdJulOC9DZkjUBYu,"Ivory Coast: L'Abidjanaise (Song of Abidjan), ""We salute you, O land of hope"" [arr. P. Breiner]",Ivory Coast
95,08EfczsoI1YQSM70hFId4y,0.212,0.15,0.0,-19.405,1.0,0.0434,0.951,0.837,0.0657,0.142,74.58,audio_features,08EfczsoI1YQSM70hFId4y,spotify:track:08EfczsoI1YQSM70hFId4y,https://api.spotify.com/v1/tracks/08EfczsoI1YQSM70hFId4y,https://api.spotify.com/v1/audio-analysis/08EfczsoI1YQSM70hFId4y,72867.0,4.0,,08EfczsoI1YQSM70hFId4y,"Jamaica: Jamaica, Land We Love, ""Eternal Father, bless our land…""",Jamaica
96,3MEFObi1Wv23WaBdkZl7s4,0.116,0.0777,0.0,-19.802,1.0,0.0449,0.983,0.798,0.136,0.0673,71.322,audio_features,3MEFObi1Wv23WaBdkZl7s4,spotify:track:3MEFObi1Wv23WaBdkZl7s4,https://api.spotify.com/v1/tracks/3MEFObi1Wv23WaBdkZl7s4,https://api.spotify.com/v1/audio-analysis/3MEFObi1Wv23WaBdkZl7s4,61747.0,4.0,,3MEFObi1Wv23WaBdkZl7s4,"Japan: Kimigayo (His Majesty's Reign), ""May your reign continue for a thousand, eight thousand generations…"" [arr. P. Breiner]",Japan
97,61a4mI6kB0JRsj3vqSrnjF,0.218,0.161,5.0,-17.203,1.0,0.0333,0.797,0.844,0.112,0.638,111.941,audio_features,61a4mI6kB0JRsj3vqSrnjF,spotify:track:61a4mI6kB0JRsj3vqSrnjF,https://api.spotify.com/v1/tracks/61a4mI6kB0JRsj3vqSrnjF,https://api.spotify.com/v1/audio-analysis/61a4mI6kB0JRsj3vqSrnjF,51760.0,4.0,,61a4mI6kB0JRsj3vqSrnjF,"Jordan: As-salam al-malaki al-urdoni (Long Live the King of Jordan), ""Long live the King! Long live the King!…"" [2005 arrangement]",Jordan
98,1QJWhZ5HwOSpBkJe9QDwLA,0.314,0.326,7.0,-14.393,1.0,0.0372,0.89,0.763,0.119,0.354,99.027,audio_features,1QJWhZ5HwOSpBkJe9QDwLA,spotify:track:1QJWhZ5HwOSpBkJe9QDwLA,https://api.spotify.com/v1/tracks/1QJWhZ5HwOSpBkJe9QDwLA,https://api.spotify.com/v1/audio-analysis/1QJWhZ5HwOSpBkJe9QDwLA,72173.0,1.0,,1QJWhZ5HwOSpBkJe9QDwLA,"Kazakhstan: Menin Qazaqstanim (My Kazakhstan), ""Sky of golden sun…"" [2006 onwards]",Kazakhstan
99,5b4AFCtBCXQPhv1kZ6n1fA,0.643,0.0885,9.0,-12.49,0.0,0.0523,0.813,0.969,0.0951,0.578,69.745,audio_features,5b4AFCtBCXQPhv1kZ6n1fA,spotify:track:5b4AFCtBCXQPhv1kZ6n1fA,https://api.spotify.com/v1/tracks/5b4AFCtBCXQPhv1kZ6n1fA,https://api.spotify.com/v1/audio-analysis/5b4AFCtBCXQPhv1kZ6n1fA,78773.0,5.0,,5b4AFCtBCXQPhv1kZ6n1fA,"Kenya: Wimbo Wa Taifa (National Anthem), ""O God of all creation…"" [Olympic version] [arr. P. Breiner]",Kenya
100,6EpwbhInXRZ1OOMfYPg687,0.293,0.378,2.0,-14.26,1.0,0.0383,0.47,0.967,0.252,0.357,125.166,audio_features,6EpwbhInXRZ1OOMfYPg687,spotify:track:6EpwbhInXRZ1OOMfYPg687,https://api.spotify.com/v1/tracks/6EpwbhInXRZ1OOMfYPg687,https://api.spotify.com/v1/audio-analysis/6EpwbhInXRZ1OOMfYPg687,70800.0,4.0,,6EpwbhInXRZ1OOMfYPg687,"Korea, North: Aegukka (Patriotic Song), ""Let morning shine on the silver and gold of this land…"" [Olympic version]","Korea, North"
101,3mV7S5eI3v8QZHn9vYZktE,0.268,0.262,9.0,-14.101,1.0,0.0347,0.854,0.953,0.134,0.235,65.847,audio_features,3mV7S5eI3v8QZHn9vYZktE,spotify:track:3mV7S5eI3v8QZHn9vYZktE,https://api.spotify.com/v1/tracks/3mV7S5eI3v8QZHn9vYZktE,https://api.spotify.com/v1/audio-analysis/3mV7S5eI3v8QZHn9vYZktE,65267.0,3.0,,3mV7S5eI3v8QZHn9vYZktE,"Korea, South: Aegukga (Patriotic Hymn), ""Tong-Hai Sea and Pakdoo Mountain…"" [2005 arrangement]","Korea, South"
102,61AkfWHn26E1Cx8tAaetJW,0.258,0.376,7.0,-12.423,1.0,0.0343,0.643,0.726,0.284,0.211,39.084,audio_features,61AkfWHn26E1Cx8tAaetJW,spotify:track:61AkfWHn26E1Cx8tAaetJW,https://api.spotify.com/v1/tracks/61AkfWHn26E1Cx8tAaetJW,https://api.spotify.com/v1/audio-analysis/61AkfWHn26E1Cx8tAaetJW,67720.0,4.0,,61AkfWHn26E1Cx8tAaetJW,Kosovo: Europe,Kosovo
103,3ehJDrZeEpMpjxyCo90gUd,0.478,0.55,7.0,-12.171,0.0,0.0388,0.678,0.789,0.0972,0.512,52.23,audio_features,3ehJDrZeEpMpjxyCo90gUd,spotify:track:3ehJDrZeEpMpjxyCo90gUd,https://api.spotify.com/v1/tracks/3ehJDrZeEpMpjxyCo90gUd,https://api.spotify.com/v1/audio-analysis/3ehJDrZeEpMpjxyCo90gUd,55867.0,4.0,,3ehJDrZeEpMpjxyCo90gUd,"Kurdistan: Ey Reqib (Hey Guard), ""Oh enemy Kurdish people live on…"" [short version]",Kurdistan
104,4zp6RAeojmKszxq7HE6lmn,0.52,0.357,0.0,-15.069,1.0,0.0489,0.801,0.948,0.31,0.922,76.102,audio_features,4zp6RAeojmKszxq7HE6lmn,spotify:track:4zp6RAeojmKszxq7HE6lmn,https://api.spotify.com/v1/tracks/4zp6RAeojmKszxq7HE6lmn,https://api.spotify.com/v1/audio-analysis/4zp6RAeojmKszxq7HE6lmn,53867.0,4.0,,4zp6RAeojmKszxq7HE6lmn,"Kuwait: ""Kuwait, Kuwait, Kuwait, my country…"" (arr. P. Breiner)",Kuwait
105,0MojoACMmhtiH8iqFcy2l2,0.187,0.166,9.0,-16.524,1.0,0.038,0.66,0.558,0.0947,0.385,163.409,audio_features,0MojoACMmhtiH8iqFcy2l2,spotify:track:0MojoACMmhtiH8iqFcy2l2,https://api.spotify.com/v1/tracks/0MojoACMmhtiH8iqFcy2l2,https://api.spotify.com/v1/audio-analysis/0MojoACMmhtiH8iqFcy2l2,61907.0,4.0,,0MojoACMmhtiH8iqFcy2l2,"Kyrgyzstan: ""High mountains, valleys and fields…"" (Olympic version) [arr. P. Breiner]",Kyrgyzstan
106,6vb3OQNEGDgg6SJQDmzDNK,0.388,0.146,5.0,-16.934,1.0,0.0462,0.871,0.849,0.193,0.336,120.919,audio_features,6vb3OQNEGDgg6SJQDmzDNK,spotify:track:6vb3OQNEGDgg6SJQDmzDNK,https://api.spotify.com/v1/tracks/6vb3OQNEGDgg6SJQDmzDNK,https://api.spotify.com/v1/audio-analysis/6vb3OQNEGDgg6SJQDmzDNK,84867.0,4.0,,6vb3OQNEGDgg6SJQDmzDNK,"Laos: Pheng Xat Lao (Hymn of the Lao People), ""For all time the Lao people…"" [arr. P. Breiner]",Laos
107,4zgw6IzOyHdYacL1Ru6wex,0.216,0.175,7.0,-13.615,1.0,0.0394,0.863,0.903,0.352,0.385,125.028,audio_features,4zgw6IzOyHdYacL1Ru6wex,spotify:track:4zgw6IzOyHdYacL1Ru6wex,https://api.spotify.com/v1/tracks/4zgw6IzOyHdYacL1Ru6wex,https://api.spotify.com/v1/audio-analysis/4zgw6IzOyHdYacL1Ru6wex,66773.0,1.0,,4zgw6IzOyHdYacL1Ru6wex,"Latvia: Latvijas Valsts Himna (Latvian State Anthem), ""Bless Latvia, O God…"" [Olympic version] [arr. P. Breiner]",Latvia
108,3GtvlyJTnXU13BRTdgwylM,0.41,0.117,7.0,-16.73,1.0,0.037,0.799,0.975,0.351,0.573,83.724,audio_features,3GtvlyJTnXU13BRTdgwylM,spotify:track:3GtvlyJTnXU13BRTdgwylM,https://api.spotify.com/v1/tracks/3GtvlyJTnXU13BRTdgwylM,https://api.spotify.com/v1/audio-analysis/3GtvlyJTnXU13BRTdgwylM,70333.0,4.0,,3GtvlyJTnXU13BRTdgwylM,"Lebanon: ""All of us! For our Country, for our Flag and Glory!…""",Lebanon
109,1SqnpSWvzUZKZUmEpzOoIF,0.392,0.221,10.0,-15.072,1.0,0.0334,0.69,0.499,0.32,0.677,76.658,audio_features,1SqnpSWvzUZKZUmEpzOoIF,spotify:track:1SqnpSWvzUZKZUmEpzOoIF,https://api.spotify.com/v1/tracks/1SqnpSWvzUZKZUmEpzOoIF,https://api.spotify.com/v1/audio-analysis/1SqnpSWvzUZKZUmEpzOoIF,56733.0,3.0,,1SqnpSWvzUZKZUmEpzOoIF,"Lesotho: ""Lesotho, land of our Fathers, you are the most beautiful country of all…"" (arr. P. Breiner)",Lesotho
110,04xZgZvFStaI7KOGs8VuMr,0.316,0.0818,10.0,-17.979,1.0,0.0322,0.972,0.854,0.0952,0.34,103.076,audio_features,04xZgZvFStaI7KOGs8VuMr,spotify:track:04xZgZvFStaI7KOGs8VuMr,https://api.spotify.com/v1/tracks/04xZgZvFStaI7KOGs8VuMr,https://api.spotify.com/v1/audio-analysis/04xZgZvFStaI7KOGs8VuMr,88800.0,4.0,,04xZgZvFStaI7KOGs8VuMr,"Liberia: Liberian Anthem, ""All hail, Liberia, hail!…""",Liberia
111,3rxzgSlXG8sIYPMajR9nFN,0.403,0.212,7.0,-14.876,1.0,0.0278,0.664,0.818,0.0817,0.513,95.753,audio_features,3rxzgSlXG8sIYPMajR9nFN,spotify:track:3rxzgSlXG8sIYPMajR9nFN,https://api.spotify.com/v1/tracks/3rxzgSlXG8sIYPMajR9nFN,https://api.spotify.com/v1/audio-analysis/3rxzgSlXG8sIYPMajR9nFN,88493.0,4.0,,3rxzgSlXG8sIYPMajR9nFN,"Libya: Libya, Libya, Libya, ""Oh my country"" (2011 onwards) [short version]",Libya
112,16NXI15cDBZXNppD2o5WFF,0.139,0.173,5.0,-17.506,1.0,0.0338,0.884,0.915,0.0977,0.0992,71.268,audio_features,16NXI15cDBZXNppD2o5WFF,spotify:track:16NXI15cDBZXNppD2o5WFF,https://api.spotify.com/v1/tracks/16NXI15cDBZXNppD2o5WFF,https://api.spotify.com/v1/audio-analysis/16NXI15cDBZXNppD2o5WFF,78747.0,4.0,,16NXI15cDBZXNppD2o5WFF,"Liechtenstein: ""High above the young Rhine lies Liechtenstein…""",Liechtenstein
113,6d0enQKBShOdQDJ9E5o8Wb,0.169,0.0649,8.0,-20.209,1.0,0.0343,0.979,0.886,0.13,0.13,74.747,audio_features,6d0enQKBShOdQDJ9E5o8Wb,spotify:track:6d0enQKBShOdQDJ9E5o8Wb,https://api.spotify.com/v1/tracks/6d0enQKBShOdQDJ9E5o8Wb,https://api.spotify.com/v1/audio-analysis/6d0enQKBShOdQDJ9E5o8Wb,116840.0,4.0,,6d0enQKBShOdQDJ9E5o8Wb,"Lithuania: Tautiška giesmė (National Song), ""Lithuania, land of heroes…"" [arr. P. Breiner]",Lithuania
114,0uG81CZpM803WLtWHSu67I,0.133,0.0999,0.0,-18.145,1.0,0.039,0.953,0.952,0.102,0.122,164.529,audio_features,0uG81CZpM803WLtWHSu67I,spotify:track:0uG81CZpM803WLtWHSu67I,https://api.spotify.com/v1/tracks/0uG81CZpM803WLtWHSu67I,https://api.spotify.com/v1/audio-analysis/0uG81CZpM803WLtWHSu67I,87867.0,4.0,,0uG81CZpM803WLtWHSu67I,"Luxembourg: Ons Heemecht - Hymne National, ""Where the Alzette water fields…"" (arr. P. Breiner)",Luxembourg
115,3rq9ulFInDOsj4Tt4a2EuS,0.555,0.237,7.0,-15.995,1.0,0.0718,0.918,0.977,0.0798,0.49,97.479,audio_features,3rq9ulFInDOsj4Tt4a2EuS,spotify:track:3rq9ulFInDOsj4Tt4a2EuS,https://api.spotify.com/v1/tracks/3rq9ulFInDOsj4Tt4a2EuS,https://api.spotify.com/v1/audio-analysis/3rq9ulFInDOsj4Tt4a2EuS,52467.0,4.0,,3rq9ulFInDOsj4Tt4a2EuS,"Macau: March of the Volunteers, ""Arise, ye who refuse to be slaves!…"" (arr. P. Breiner)",Macau
116,6Wfrl8JcHdoqpsELQHXGfN,0.53,0.258,0.0,-13.246,1.0,0.0294,0.802,0.936,0.222,0.9,98.467,audio_features,6Wfrl8JcHdoqpsELQHXGfN,spotify:track:6Wfrl8JcHdoqpsELQHXGfN,https://api.spotify.com/v1/tracks/6Wfrl8JcHdoqpsELQHXGfN,https://api.spotify.com/v1/audio-analysis/6Wfrl8JcHdoqpsELQHXGfN,107987.0,4.0,,6Wfrl8JcHdoqpsELQHXGfN,"Macedonia: ""Today over Macedonia a new sun of freedom rises…"" (arr. P. Breiner)",Macedonia
117,6Dsvf27EjytW21l696hRGP,0.315,0.118,10.0,-19.106,1.0,0.0339,0.9,0.727,0.142,0.343,93.149,audio_features,6Dsvf27EjytW21l696hRGP,spotify:track:6Dsvf27EjytW21l696hRGP,https://api.spotify.com/v1/tracks/6Dsvf27EjytW21l696hRGP,https://api.spotify.com/v1/audio-analysis/6Dsvf27EjytW21l696hRGP,70667.0,4.0,,6Dsvf27EjytW21l696hRGP,"Madagascar: ""O, our beloved fatherland…""",Madagascar
118,3hRhoFIkeaoOBoS6Zo35Kg,0.197,0.0941,5.0,-17.25,1.0,0.0497,0.982,0.875,0.0957,0.0473,66.642,audio_features,3hRhoFIkeaoOBoS6Zo35Kg,spotify:track:3hRhoFIkeaoOBoS6Zo35Kg,https://api.spotify.com/v1/tracks/3hRhoFIkeaoOBoS6Zo35Kg,https://api.spotify.com/v1/audio-analysis/3hRhoFIkeaoOBoS6Zo35Kg,69560.0,4.0,,3hRhoFIkeaoOBoS6Zo35Kg,"Malawi: ""O God bless our land of Malawi, keep it a land of peace…"" (arr. P. Breiner)",Malawi
119,3cCmOupy4944LwUFJK7aH2,0.144,0.309,5.0,-15.563,1.0,0.0393,0.648,0.898,0.0904,0.543,148.481,audio_features,3cCmOupy4944LwUFJK7aH2,spotify:track:3cCmOupy4944LwUFJK7aH2,https://api.spotify.com/v1/tracks/3cCmOupy4944LwUFJK7aH2,https://api.spotify.com/v1/audio-analysis/3cCmOupy4944LwUFJK7aH2,86867.0,4.0,,3cCmOupy4944LwUFJK7aH2,"Malaysia: ""My country, my native land…"" (arr. P. Breiner)",Malaysia
120,128lMMOo3Vqrz5IsfwevJZ,0.162,0.231,5.0,-16.024,1.0,0.033,0.914,0.909,0.133,0.508,158.978,audio_features,128lMMOo3Vqrz5IsfwevJZ,spotify:track:128lMMOo3Vqrz5IsfwevJZ,https://api.spotify.com/v1/tracks/128lMMOo3Vqrz5IsfwevJZ,https://api.spotify.com/v1/audio-analysis/128lMMOo3Vqrz5IsfwevJZ,81347.0,4.0,,128lMMOo3Vqrz5IsfwevJZ,"Maldives: ""We bow in respect to the Emblem of our Nation…"" (arr. P. Breiner)",Maldives
121,4YYszlixFbSDMsYzNZWA8P,0.648,0.265,7.0,-16.284,1.0,0.0349,0.876,0.945,0.0572,0.623,97.229,audio_features,4YYszlixFbSDMsYzNZWA8P,spotify:track:4YYszlixFbSDMsYzNZWA8P,https://api.spotify.com/v1/tracks/4YYszlixFbSDMsYzNZWA8P,https://api.spotify.com/v1/audio-analysis/4YYszlixFbSDMsYzNZWA8P,64987.0,4.0,,4YYszlixFbSDMsYzNZWA8P,"Mali: Hymne National Malien (Malian National Anthem), ""At your call, Mali…"" [short version] [arr. P. Breiner]",Mali
122,0V3GUT1x9hqfeA89IQ2rxj,0.205,0.157,9.0,-17.707,1.0,0.0409,0.935,0.656,0.088,0.121,108.558,audio_features,0V3GUT1x9hqfeA89IQ2rxj,spotify:track:0V3GUT1x9hqfeA89IQ2rxj,https://api.spotify.com/v1/tracks/0V3GUT1x9hqfeA89IQ2rxj,https://api.spotify.com/v1/audio-analysis/0V3GUT1x9hqfeA89IQ2rxj,65213.0,3.0,,0V3GUT1x9hqfeA89IQ2rxj,"Malta: L-Innu Malti (Malta Hymn), ""Guard her, O Lord, as ever Thou hast guarded…"" [Olympic version] [arr. P. Breiner]",Malta
123,4YbNsPtwMP2ixR5ZRjDAVd,0.352,0.226,4.0,-15.186,1.0,0.0445,0.939,0.843,0.196,0.568,129.444,audio_features,4YbNsPtwMP2ixR5ZRjDAVd,spotify:track:4YbNsPtwMP2ixR5ZRjDAVd,https://api.spotify.com/v1/tracks/4YbNsPtwMP2ixR5ZRjDAVd,https://api.spotify.com/v1/audio-analysis/4YbNsPtwMP2ixR5ZRjDAVd,60067.0,1.0,,4YbNsPtwMP2ixR5ZRjDAVd,"Mauritania: ""Be a helper for God and censure what is forbidden…"" (Olympic version) [arr. P. Breiner]",Mauritania
124,3Qto2972moNyaP4mBxEZTk,0.262,0.179,0.0,-16.37,1.0,0.04,0.756,0.852,0.329,0.415,137.026,audio_features,3Qto2972moNyaP4mBxEZTk,spotify:track:3Qto2972moNyaP4mBxEZTk,https://api.spotify.com/v1/tracks/3Qto2972moNyaP4mBxEZTk,https://api.spotify.com/v1/audio-analysis/3Qto2972moNyaP4mBxEZTk,54867.0,3.0,,3Qto2972moNyaP4mBxEZTk,"Mauritius: Motherland, ""Glory to thee, Motherland…"" (arr. P. Breiner)",Mauritius
125,1XIzOJF49S3d9k7P732nYc,0.505,0.108,7.0,-18.092,1.0,0.0375,0.961,0.922,0.149,0.38,127.428,audio_features,1XIzOJF49S3d9k7P732nYc,spotify:track:1XIzOJF49S3d9k7P732nYc,https://api.spotify.com/v1/tracks/1XIzOJF49S3d9k7P732nYc,https://api.spotify.com/v1/audio-analysis/1XIzOJF49S3d9k7P732nYc,84973.0,4.0,,1XIzOJF49S3d9k7P732nYc,"Mexico: Himno Nacional Mexicano, ""Mexicans, at the cry of war…""",Mexico
126,4P2WhfExBtmHQvfn1KCPZL,0.456,0.26,5.0,-14.706,1.0,0.0418,0.883,0.639,0.101,0.453,98.717,audio_features,4P2WhfExBtmHQvfn1KCPZL,spotify:track:4P2WhfExBtmHQvfn1KCPZL,https://api.spotify.com/v1/tracks/4P2WhfExBtmHQvfn1KCPZL,https://api.spotify.com/v1/audio-analysis/4P2WhfExBtmHQvfn1KCPZL,68760.0,4.0,,4P2WhfExBtmHQvfn1KCPZL,"Moldova: Limba noastră (Our Tongue), ""A treasure is our tongue…"" [arr. P. Breiner]",Moldova
127,3VXMcYT23G9wBnHOEOjNdB,0.611,0.284,8.0,-13.529,1.0,0.0286,0.898,0.942,0.0726,0.898,101.085,audio_features,3VXMcYT23G9wBnHOEOjNdB,spotify:track:3VXMcYT23G9wBnHOEOjNdB,https://api.spotify.com/v1/tracks/3VXMcYT23G9wBnHOEOjNdB,https://api.spotify.com/v1/audio-analysis/3VXMcYT23G9wBnHOEOjNdB,84747.0,4.0,,3VXMcYT23G9wBnHOEOjNdB,"Monaco: A Marcia de Muneghu (The March of Monaco), ""Principality of Monaco, my country…"" [arr. P. Breiner]",Monaco
128,2S8oh6d7SbCjlPLjKSwM0S,0.408,0.252,8.0,-16.412,1.0,0.0377,0.843,0.877,0.148,0.535,67.313,audio_features,2S8oh6d7SbCjlPLjKSwM0S,spotify:track:2S8oh6d7SbCjlPLjKSwM0S,https://api.spotify.com/v1/tracks/2S8oh6d7SbCjlPLjKSwM0S,https://api.spotify.com/v1/audio-analysis/2S8oh6d7SbCjlPLjKSwM0S,70747.0,4.0,,2S8oh6d7SbCjlPLjKSwM0S,"Mongolia: ""Our sacred revolutionary country is the ancestral heart of all Mongols…"" (short version) [arr. P. Breiner]",Mongolia
129,5paLeRkIdLtmTScXNqujmH,0.165,0.187,2.0,-16.723,0.0,0.0387,0.831,0.887,0.0852,0.116,131.134,audio_features,5paLeRkIdLtmTScXNqujmH,spotify:track:5paLeRkIdLtmTScXNqujmH,https://api.spotify.com/v1/tracks/5paLeRkIdLtmTScXNqujmH,https://api.spotify.com/v1/audio-analysis/5paLeRkIdLtmTScXNqujmH,89693.0,4.0,,5paLeRkIdLtmTScXNqujmH,"Montenegro: ""O the bright dawn of May our mother Montenegro…"" (Olympic 2010 version)",Montenegro
130,3Nk02OGJwtGBtZ5zMcy0dn,0.212,0.303,7.0,-13.853,1.0,0.0392,0.597,0.799,0.24,0.159,151.095,audio_features,3Nk02OGJwtGBtZ5zMcy0dn,spotify:track:3Nk02OGJwtGBtZ5zMcy0dn,https://api.spotify.com/v1/tracks/3Nk02OGJwtGBtZ5zMcy0dn,https://api.spotify.com/v1/audio-analysis/3Nk02OGJwtGBtZ5zMcy0dn,85947.0,4.0,,3Nk02OGJwtGBtZ5zMcy0dn,"Montserrat: Montserrat My Country, ""Montserrat is my land…""",Montserrat
131,3GHmScGsa6d6BoKmTkXAKE,0.414,0.206,5.0,-17.024,1.0,0.0406,0.93,0.833,0.11,0.196,64.19,audio_features,3GHmScGsa6d6BoKmTkXAKE,spotify:track:3GHmScGsa6d6BoKmTkXAKE,https://api.spotify.com/v1/tracks/3GHmScGsa6d6BoKmTkXAKE,https://api.spotify.com/v1/audio-analysis/3GHmScGsa6d6BoKmTkXAKE,69080.0,4.0,,3GHmScGsa6d6BoKmTkXAKE,"Morocco: Hymne Chérifien (Hymn of the Sharif), ""Fountain of Freedom, Source of Light…"" [2005 arrangement]",Morocco
132,0pxQabPYxcBno6xnYKbhRc,0.486,0.227,5.0,-14.672,1.0,0.0465,0.94,0.911,0.0582,0.479,94.91,audio_features,0pxQabPYxcBno6xnYKbhRc,spotify:track:0pxQabPYxcBno6xnYKbhRc,https://api.spotify.com/v1/tracks/0pxQabPYxcBno6xnYKbhRc,https://api.spotify.com/v1/audio-analysis/0pxQabPYxcBno6xnYKbhRc,70640.0,4.0,,0pxQabPYxcBno6xnYKbhRc,"Mozambique: Pátria Amada (Lovely Fatherland), ""In the memory of Africa…"" [2002 onwards]",Mozambique
133,6ZTv7i5QfFh9WwYM3pRJFv,0.151,0.204,8.0,-13.163,1.0,0.0317,0.812,0.798,0.0905,0.281,178.46,audio_features,6ZTv7i5QfFh9WwYM3pRJFv,spotify:track:6ZTv7i5QfFh9WwYM3pRJFv,https://api.spotify.com/v1/tracks/6ZTv7i5QfFh9WwYM3pRJFv,https://api.spotify.com/v1/audio-analysis/6ZTv7i5QfFh9WwYM3pRJFv,64413.0,4.0,,6ZTv7i5QfFh9WwYM3pRJFv,"Myanmar: ""We shall always love Burma, land of our forefathers…"" (Olympic version)",Myanmar
134,20ZDAzApNGx4lZcqWktsyZ,0.345,0.222,0.0,-17.697,1.0,0.0395,0.729,0.969,0.0727,0.37,84.873,audio_features,20ZDAzApNGx4lZcqWktsyZ,spotify:track:20ZDAzApNGx4lZcqWktsyZ,https://api.spotify.com/v1/tracks/20ZDAzApNGx4lZcqWktsyZ,https://api.spotify.com/v1/audio-analysis/20ZDAzApNGx4lZcqWktsyZ,80813.0,4.0,,20ZDAzApNGx4lZcqWktsyZ,"Namibia: ""Namibia, land of the brave…"" (arr. P. Breiner)",Namibia
135,6nBY6n7q4KjEK0XMKvlhrV,0.295,0.308,10.0,-15.124,1.0,0.0355,0.73,0.76,0.282,0.284,70.22,audio_features,6nBY6n7q4KjEK0XMKvlhrV,spotify:track:6nBY6n7q4KjEK0XMKvlhrV,https://api.spotify.com/v1/tracks/6nBY6n7q4KjEK0XMKvlhrV,https://api.spotify.com/v1/audio-analysis/6nBY6n7q4KjEK0XMKvlhrV,80440.0,4.0,,6nBY6n7q4KjEK0XMKvlhrV,"Nepal: Sayaun Thunga Phool Ka (Hundreds of Flowers), ""Woven from hundreds of flowers…"" [2006 onwards]",Nepal
136,0eTbo4kLIHiJZhRyJX8fTs,0.147,0.214,7.0,-15.768,1.0,0.0429,0.887,0.871,0.116,0.286,167.824,audio_features,0eTbo4kLIHiJZhRyJX8fTs,spotify:track:0eTbo4kLIHiJZhRyJX8fTs,https://api.spotify.com/v1/tracks/0eTbo4kLIHiJZhRyJX8fTs,https://api.spotify.com/v1/audio-analysis/0eTbo4kLIHiJZhRyJX8fTs,56827.0,4.0,,0eTbo4kLIHiJZhRyJX8fTs,"Netherlands: Het Wilhelmus (The William), ""William of Nassau an I, of Germanic descent…"" [arr. P. Breiner]",Netherlands
137,2zmZAg7Im6K1QK8O6FgH1g,0.144,0.185,8.0,-15.392,1.0,0.0355,0.91,0.908,0.305,0.364,79.304,audio_features,2zmZAg7Im6K1QK8O6FgH1g,spotify:track:2zmZAg7Im6K1QK8O6FgH1g,https://api.spotify.com/v1/tracks/2zmZAg7Im6K1QK8O6FgH1g,https://api.spotify.com/v1/audio-analysis/2zmZAg7Im6K1QK8O6FgH1g,60347.0,4.0,,2zmZAg7Im6K1QK8O6FgH1g,"New Zealand: God Defend New Zealand, ""God of nations, at Thy feet…"" (arr. P. Breiner)",New Zealand
138,1Q90KlFjFdiFJAbb3aWYp4,0.401,0.0383,10.0,-19.113,1.0,0.0354,0.957,0.936,0.236,0.233,119.35,audio_features,1Q90KlFjFdiFJAbb3aWYp4,spotify:track:1Q90KlFjFdiFJAbb3aWYp4,https://api.spotify.com/v1/tracks/1Q90KlFjFdiFJAbb3aWYp4,https://api.spotify.com/v1/audio-analysis/1Q90KlFjFdiFJAbb3aWYp4,92747.0,4.0,,1Q90KlFjFdiFJAbb3aWYp4,"Nicaragua: ""Hail to you, Nicaragua…"" (arr. P. Breiner)",Nicaragua
139,2pYrONs2zsZB9jvSgKrFfj,0.418,0.0679,5.0,-17.679,1.0,0.0332,0.95,0.933,0.0639,0.434,82.213,audio_features,2pYrONs2zsZB9jvSgKrFfj,spotify:track:2pYrONs2zsZB9jvSgKrFfj,https://api.spotify.com/v1/tracks/2pYrONs2zsZB9jvSgKrFfj,https://api.spotify.com/v1/audio-analysis/2pYrONs2zsZB9jvSgKrFfj,86427.0,4.0,,2pYrONs2zsZB9jvSgKrFfj,"Niger: La Nigérienne (The Song of Niger), ""By the water of the mighty Niger…"" [Olympic version] [arr. P. Breiner]",Niger
140,59hciKc6vZUvo4ZSj7cTu3,0.232,0.0857,5.0,-17.743,1.0,0.0366,0.717,0.982,0.103,0.283,77.164,audio_features,59hciKc6vZUvo4ZSj7cTu3,spotify:track:59hciKc6vZUvo4ZSj7cTu3,https://api.spotify.com/v1/tracks/59hciKc6vZUvo4ZSj7cTu3,https://api.spotify.com/v1/audio-analysis/59hciKc6vZUvo4ZSj7cTu3,70840.0,4.0,,59hciKc6vZUvo4ZSj7cTu3,"Nigeria: ""Arise, O compatriots, Nigeria's call obey…"" (short version)",Nigeria
141,1SJBp2eqzLWZYbWVJNPfIu,0.137,0.135,3.0,-17.316,1.0,0.0347,0.927,0.864,0.116,0.0683,70.465,audio_features,1SJBp2eqzLWZYbWVJNPfIu,spotify:track:1SJBp2eqzLWZYbWVJNPfIu,https://api.spotify.com/v1/tracks/1SJBp2eqzLWZYbWVJNPfIu,https://api.spotify.com/v1/audio-analysis/1SJBp2eqzLWZYbWVJNPfIu,162080.0,4.0,,1SJBp2eqzLWZYbWVJNPfIu,"Northern Ireland: A Londonderry Air, ""Would God I were the tender apple blossom…""",Northern Ireland
142,5yxAHfK3BFQQ1nG2SzejN3,0.196,0.186,2.0,-17.367,1.0,0.0418,0.98,0.752,0.0637,0.0633,96.702,audio_features,5yxAHfK3BFQQ1nG2SzejN3,spotify:track:5yxAHfK3BFQQ1nG2SzejN3,https://api.spotify.com/v1/tracks/5yxAHfK3BFQQ1nG2SzejN3,https://api.spotify.com/v1/audio-analysis/5yxAHfK3BFQQ1nG2SzejN3,72800.0,4.0,,5yxAHfK3BFQQ1nG2SzejN3,"Norway: Nasjonalsangen (National Song), ""Yes, we love this country…""",Norway
143,7LEAGoqIqzKl3vdID4dvpL,0.534,0.243,10.0,-14.922,1.0,0.127,0.634,0.981,0.164,0.774,74.726,audio_features,7LEAGoqIqzKl3vdID4dvpL,spotify:track:7LEAGoqIqzKl3vdID4dvpL,https://api.spotify.com/v1/tracks/7LEAGoqIqzKl3vdID4dvpL,https://api.spotify.com/v1/audio-analysis/7LEAGoqIqzKl3vdID4dvpL,34147.0,4.0,,7LEAGoqIqzKl3vdID4dvpL,"Oman: The Sultan's Anthem, ""O Lord, protect for us our Majesty the Sultan…"" (Olympic version)",Oman
144,2HshZVTAZsAQNBwcRqkEbg,0.379,0.257,10.0,-17.315,1.0,0.0272,0.562,0.977,0.368,0.473,36.468,audio_features,2HshZVTAZsAQNBwcRqkEbg,spotify:track:2HshZVTAZsAQNBwcRqkEbg,https://api.spotify.com/v1/tracks/2HshZVTAZsAQNBwcRqkEbg,https://api.spotify.com/v1/audio-analysis/2HshZVTAZsAQNBwcRqkEbg,92893.0,4.0,,2HshZVTAZsAQNBwcRqkEbg,"Pakistan: Qaumī Tarāna (National Anthem), ""Blessed be the sacred land…"" [arr. P. Breiner]",Pakistan
145,6j7xMzAUT1mGGcL14jf7jO,0.472,0.618,5.0,-14.023,1.0,0.0453,0.786,0.772,0.12,0.653,102.774,audio_features,6j7xMzAUT1mGGcL14jf7jO,spotify:track:6j7xMzAUT1mGGcL14jf7jO,https://api.spotify.com/v1/tracks/6j7xMzAUT1mGGcL14jf7jO,https://api.spotify.com/v1/audio-analysis/6j7xMzAUT1mGGcL14jf7jO,65867.0,3.0,,6j7xMzAUT1mGGcL14jf7jO,"Palestine: Fida'i (Revolutionary), ""My country, the land of my grandfathers…""",Palestine
146,0EVhJ5ksgTGhLsC1O94lm8,0.587,0.0756,2.0,-17.565,1.0,0.0346,0.884,0.492,0.156,0.459,103.159,audio_features,0EVhJ5ksgTGhLsC1O94lm8,spotify:track:0EVhJ5ksgTGhLsC1O94lm8,https://api.spotify.com/v1/tracks/0EVhJ5ksgTGhLsC1O94lm8,https://api.spotify.com/v1/audio-analysis/0EVhJ5ksgTGhLsC1O94lm8,83400.0,4.0,,0EVhJ5ksgTGhLsC1O94lm8,"Panama: Himno Istemño (Isthmus Hymn), ""It is necessary to veil with a curtain…"" [Olympic version] [arr. P. Breiner]",Panama
147,4QAL2eMaoaLmxekK4vMzGk,0.582,0.15,7.0,-13.852,1.0,0.0347,0.959,0.976,0.0886,0.602,74.714,audio_features,4QAL2eMaoaLmxekK4vMzGk,spotify:track:4QAL2eMaoaLmxekK4vMzGk,https://api.spotify.com/v1/tracks/4QAL2eMaoaLmxekK4vMzGk,https://api.spotify.com/v1/audio-analysis/4QAL2eMaoaLmxekK4vMzGk,60333.0,4.0,,4QAL2eMaoaLmxekK4vMzGk,"Papua New Guinea: ""O arise all you sons of this land…"" (Olympic version) [arr. P. Breiner]",Papua New Guinea
148,2YgkKbuVz5zJNkRMlUC2wA,0.35,0.246,5.0,-17.025,1.0,0.07,0.856,0.939,0.355,0.667,67.859,audio_features,2YgkKbuVz5zJNkRMlUC2wA,spotify:track:2YgkKbuVz5zJNkRMlUC2wA,https://api.spotify.com/v1/tracks/2YgkKbuVz5zJNkRMlUC2wA,https://api.spotify.com/v1/audio-analysis/2YgkKbuVz5zJNkRMlUC2wA,90987.0,4.0,,2YgkKbuVz5zJNkRMlUC2wA,"Paraguay: ""For three centuries a reign oppressed the unhappy peoples of America…"" (Olympic version)",Paraguay
149,2kr4EfhDEsdJjyhJKWp4Ih,0.512,0.0818,5.0,-20.214,1.0,0.0374,0.942,0.882,0.0544,0.311,113.576,audio_features,2kr4EfhDEsdJjyhJKWp4Ih,spotify:track:2kr4EfhDEsdJjyhJKWp4Ih,https://api.spotify.com/v1/tracks/2kr4EfhDEsdJjyhJKWp4Ih,https://api.spotify.com/v1/audio-analysis/2kr4EfhDEsdJjyhJKWp4Ih,160053.0,4.0,,2kr4EfhDEsdJjyhJKWp4Ih,"Peru: Peru [Himno Nacional del Peru (National Anthem of Peru), ""For a long time the Peruvian…""]",Peru
150,7cCFJPmm8apwwIoQ13uaNO,0.531,0.259,5.0,-16.641,1.0,0.0336,0.943,0.908,0.0784,0.934,99.408,audio_features,7cCFJPmm8apwwIoQ13uaNO,spotify:track:7cCFJPmm8apwwIoQ13uaNO,https://api.spotify.com/v1/tracks/7cCFJPmm8apwwIoQ13uaNO,https://api.spotify.com/v1/audio-analysis/7cCFJPmm8apwwIoQ13uaNO,66573.0,4.0,,7cCFJPmm8apwwIoQ13uaNO,"Philippines [Marcha Naciional Filipina (Philippinian National March), ""Beloved land…""]",Philippines 
151,4buuniSDD5BmhtpJKlZI4b,0.51,0.283,5.0,-12.201,1.0,0.0376,0.797,0.32,0.0506,0.714,113.868,audio_features,4buuniSDD5BmhtpJKlZI4b,spotify:track:4buuniSDD5BmhtpJKlZI4b,https://api.spotify.com/v1/tracks/4buuniSDD5BmhtpJKlZI4b,https://api.spotify.com/v1/audio-analysis/4buuniSDD5BmhtpJKlZI4b,45853.0,3.0,,4buuniSDD5BmhtpJKlZI4b,"Poland: Poland [Mazurek Dabrowskiego (Dombrowski's Mazurka), ""Poland has not yet succumbed…""]",Poland
152,1b5pZskDLXe00oCLai52zS,0.366,0.249,3.0,-16.55,1.0,0.0377,0.925,0.757,0.28,0.324,99.332,audio_features,1b5pZskDLXe00oCLai52zS,spotify:track:1b5pZskDLXe00oCLai52zS,https://api.spotify.com/v1/tracks/1b5pZskDLXe00oCLai52zS,https://api.spotify.com/v1/audio-analysis/1b5pZskDLXe00oCLai52zS,82960.0,4.0,,1b5pZskDLXe00oCLai52zS,"Portugal [A Portuguesa (The Song of the Portuguese), ""Heroes of the sea, noble race…""] (2005 arrangement)",Portugal 
153,0EjQvhM7aaY7QgRV6IqoxF,0.23,0.131,10.0,-17.222,1.0,0.0375,0.946,0.926,0.163,0.147,121.953,audio_features,0EjQvhM7aaY7QgRV6IqoxF,spotify:track:0EjQvhM7aaY7QgRV6IqoxF,https://api.spotify.com/v1/tracks/0EjQvhM7aaY7QgRV6IqoxF,https://api.spotify.com/v1/audio-analysis/0EjQvhM7aaY7QgRV6IqoxF,95800.0,4.0,,0EjQvhM7aaY7QgRV6IqoxF,"Puerto Rico [La Borinquena (The Puerto Ricans), ""The land of the Puerto Ricans…""]",Puerto Rico 
154,3f07mzCcKgZXFxNbUThZTa,0.509,0.278,7.0,-15.591,1.0,0.0428,0.927,0.534,0.312,0.579,90.373,audio_features,3f07mzCcKgZXFxNbUThZTa,spotify:track:3f07mzCcKgZXFxNbUThZTa,https://api.spotify.com/v1/tracks/3f07mzCcKgZXFxNbUThZTa,https://api.spotify.com/v1/audio-analysis/3f07mzCcKgZXFxNbUThZTa,79573.0,4.0,,3f07mzCcKgZXFxNbUThZTa,"Qatar: Qatar [Al-Salam Al-Amiri (The Peace for the Emir), ""Swearing by God who erected the sky…""] (1996 onwards) (Olympic version)",Qatar
155,39HAQBZYuPd8yr9QygMy5c,0.249,0.252,4.0,-15.679,0.0,0.03,0.824,0.0202,0.255,0.36,55.474,audio_features,39HAQBZYuPd8yr9QygMy5c,spotify:track:39HAQBZYuPd8yr9QygMy5c,https://api.spotify.com/v1/tracks/39HAQBZYuPd8yr9QygMy5c,https://api.spotify.com/v1/audio-analysis/39HAQBZYuPd8yr9QygMy5c,75813.0,4.0,,39HAQBZYuPd8yr9QygMy5c,"Romania [""Wake up, Romanian, from your deadly slumber…""]",Romania 
156,2h5VEBY9eFzoZGYQCSzwiP,0.295,0.385,5.0,-13.176,1.0,0.0371,0.475,0.885,0.253,0.369,83.402,audio_features,2h5VEBY9eFzoZGYQCSzwiP,spotify:track:2h5VEBY9eFzoZGYQCSzwiP,https://api.spotify.com/v1/tracks/2h5VEBY9eFzoZGYQCSzwiP,https://api.spotify.com/v1/audio-analysis/2h5VEBY9eFzoZGYQCSzwiP,129893.0,4.0,,2h5VEBY9eFzoZGYQCSzwiP,"Russia: Russia [Gosudarstvenny Gimn Rossiyskoy Federatsii, ""Russia, you are our sacred Power!…""] (2001 onwards) (short)",Russia
157,6biVq2aEnyL3r3OdMwolj9,0.307,0.365,7.0,-15.113,1.0,0.04,0.825,0.9,0.195,0.343,74.37,audio_features,6biVq2aEnyL3r3OdMwolj9,spotify:track:6biVq2aEnyL3r3OdMwolj9,https://api.spotify.com/v1/tracks/6biVq2aEnyL3r3OdMwolj9,https://api.spotify.com/v1/audio-analysis/6biVq2aEnyL3r3OdMwolj9,84507.0,4.0,,6biVq2aEnyL3r3OdMwolj9,"Rwanda: Rwanda [""Beautiful Rwanda our Motherland…""] (2001 onwards) (Olympic version)",Rwanda
158,70ayb7KgYs1tiES9iLpYI0,0.583,0.179,5.0,-17.84,1.0,0.0518,0.956,0.694,0.0944,0.248,92.86,audio_features,70ayb7KgYs1tiES9iLpYI0,spotify:track:70ayb7KgYs1tiES9iLpYI0,https://api.spotify.com/v1/tracks/70ayb7KgYs1tiES9iLpYI0,https://api.spotify.com/v1/audio-analysis/70ayb7KgYs1tiES9iLpYI0,74867.0,4.0,,70ayb7KgYs1tiES9iLpYI0,"Sahara: Sahara [Hymne National de la Republique Arabe Sahraoui Democratique, ""Islamic People""]",Sahara
159,19w4uwE2B4zOZXr5oVNVhs,0.273,0.183,5.0,-14.971,1.0,0.033,0.774,0.805,0.217,0.45,114.663,audio_features,19w4uwE2B4zOZXr5oVNVhs,spotify:track:19w4uwE2B4zOZXr5oVNVhs,https://api.spotify.com/v1/tracks/19w4uwE2B4zOZXr5oVNVhs,https://api.spotify.com/v1/audio-analysis/19w4uwE2B4zOZXr5oVNVhs,113200.0,4.0,,19w4uwE2B4zOZXr5oVNVhs,"Saint Kitts and Nevis [""O Land of Beauty! Our country where peace abounds…""]",Saint Kitts and Nevis 
160,38hD0xwLt9xI0Kr7K7yMGj,0.494,0.18,10.0,-15.199,1.0,0.0349,0.843,0.953,0.13,0.53,87.775,audio_features,38hD0xwLt9xI0Kr7K7yMGj,spotify:track:38hD0xwLt9xI0Kr7K7yMGj,https://api.spotify.com/v1/tracks/38hD0xwLt9xI0Kr7K7yMGj,https://api.spotify.com/v1/audio-analysis/38hD0xwLt9xI0Kr7K7yMGj,44733.0,4.0,,38hD0xwLt9xI0Kr7K7yMGj,"Saint Lucia [""Sons and daughters of Saint Lucia…""]",Saint Lucia 
161,2CG6AzQKrdDimsXymfe8Nw,0.444,0.237,0.0,-14.985,1.0,0.0429,0.751,0.976,0.0779,0.577,78.43,audio_features,2CG6AzQKrdDimsXymfe8Nw,spotify:track:2CG6AzQKrdDimsXymfe8Nw,https://api.spotify.com/v1/tracks/2CG6AzQKrdDimsXymfe8Nw,https://api.spotify.com/v1/audio-analysis/2CG6AzQKrdDimsXymfe8Nw,61960.0,3.0,,2CG6AzQKrdDimsXymfe8Nw,"Saint Vincent and the Grenadines [""Saint Vincent! Land so beautiful…""]",Saint Vincent and the Grenadines 
162,7qI219Hy9eTpmYXISOKTBx,0.547,0.276,8.0,-16.284,1.0,0.0454,0.891,0.951,0.0565,0.575,88.883,audio_features,7qI219Hy9eTpmYXISOKTBx,spotify:track:7qI219Hy9eTpmYXISOKTBx,https://api.spotify.com/v1/tracks/7qI219Hy9eTpmYXISOKTBx,https://api.spotify.com/v1/audio-analysis/7qI219Hy9eTpmYXISOKTBx,75867.0,4.0,,7qI219Hy9eTpmYXISOKTBx,"Samoa: Samoa [O Ie Fu’a o Ie Sa'olotoga o Samoa (The Banner of Freedom), ""Samoa, arise and raise your banner…""] (short)",Samoa
163,7p29FMiX8aelr4nSkTjJUl,0.201,0.0908,7.0,-16.28,1.0,0.0389,0.98,0.902,0.0943,0.178,88.862,audio_features,7p29FMiX8aelr4nSkTjJUl,spotify:track:7p29FMiX8aelr4nSkTjJUl,https://api.spotify.com/v1/tracks/7p29FMiX8aelr4nSkTjJUl,https://api.spotify.com/v1/audio-analysis/7p29FMiX8aelr4nSkTjJUl,82227.0,5.0,,7p29FMiX8aelr4nSkTjJUl,"San Marino [Inno Nazionale (National Anthem), ""Honour to you, O ancient Republic…""] (Olympic version)",San Marino 
164,7tLosJVGBo2KJ5EbCtUp7T,0.649,0.31,3.0,-15.016,1.0,0.0346,0.824,0.739,0.143,0.657,117.144,audio_features,7tLosJVGBo2KJ5EbCtUp7T,spotify:track:7tLosJVGBo2KJ5EbCtUp7T,https://api.spotify.com/v1/tracks/7tLosJVGBo2KJ5EbCtUp7T,https://api.spotify.com/v1/audio-analysis/7tLosJVGBo2KJ5EbCtUp7T,96680.0,4.0,,7tLosJVGBo2KJ5EbCtUp7T,"São Tome and Principe: Sao Tome and Principe [Independencia Total (Total Independence), ""Warriors in the war…""]",São Tome and Principe
165,4rzsNO7UkCbJQQhzCymdls,0.589,0.216,5.0,-16.675,1.0,0.0268,0.839,0.911,0.111,0.864,86.01,audio_features,4rzsNO7UkCbJQQhzCymdls,spotify:track:4rzsNO7UkCbJQQhzCymdls,https://api.spotify.com/v1/tracks/4rzsNO7UkCbJQQhzCymdls,https://api.spotify.com/v1/audio-analysis/4rzsNO7UkCbJQQhzCymdls,52560.0,4.0,,4rzsNO7UkCbJQQhzCymdls,"Saudi Arabia [Aash Al Maleek (Long Live Our Beloved King), ""Hasten to glory and supremacy!…""]",Saudi Arabia 
166,0LjPmJ0pZnSCP1Bl5ANJ3N,0.164,0.145,5.0,-15.76,1.0,0.0346,0.616,0.941,0.11,0.399,147.783,audio_features,0LjPmJ0pZnSCP1Bl5ANJ3N,spotify:track:0LjPmJ0pZnSCP1Bl5ANJ3N,https://api.spotify.com/v1/tracks/0LjPmJ0pZnSCP1Bl5ANJ3N,https://api.spotify.com/v1/audio-analysis/0LjPmJ0pZnSCP1Bl5ANJ3N,80333.0,5.0,,0LjPmJ0pZnSCP1Bl5ANJ3N,"Scotland [Flower of Scotland, ""O Flower of Scotland when will we see your like again…""]",Scotland 
167,7rcCtbIMrVtDtlLSmTPVTm,0.327,0.222,7.0,-18.074,1.0,0.0386,0.933,0.902,0.0902,0.268,117.672,audio_features,7rcCtbIMrVtDtlLSmTPVTm,spotify:track:7rcCtbIMrVtDtlLSmTPVTm,https://api.spotify.com/v1/tracks/7rcCtbIMrVtDtlLSmTPVTm,https://api.spotify.com/v1/audio-analysis/7rcCtbIMrVtDtlLSmTPVTm,82880.0,4.0,,7rcCtbIMrVtDtlLSmTPVTm,"Senegal [""Sound, all of you, your Koras, beat the drums…""] (Olympic version)",Senegal 
168,5Jnqq3aJovPtXO3BplykGf,0.197,0.172,5.0,-15.166,1.0,0.0379,0.917,0.848,0.0954,0.188,143.368,audio_features,5Jnqq3aJovPtXO3BplykGf,spotify:track:5Jnqq3aJovPtXO3BplykGf,https://api.spotify.com/v1/tracks/5Jnqq3aJovPtXO3BplykGf,https://api.spotify.com/v1/audio-analysis/5Jnqq3aJovPtXO3BplykGf,79893.0,4.0,,5Jnqq3aJovPtXO3BplykGf,"Serbia: Serbia [Boze pravde (God of Justice), ""God of Justice; Thou who saved us when in deepest bondage cast…""] (2005 arrangement)",Serbia
169,1sz1W24WBYiudeDxpJ1sie,0.27,0.156,3.0,-16.2,1.0,0.0292,0.915,0.953,0.0919,0.378,86.088,audio_features,1sz1W24WBYiudeDxpJ1sie,spotify:track:1sz1W24WBYiudeDxpJ1sie,https://api.spotify.com/v1/tracks/1sz1W24WBYiudeDxpJ1sie,https://api.spotify.com/v1/audio-analysis/1sz1W24WBYiudeDxpJ1sie,82760.0,4.0,,1sz1W24WBYiudeDxpJ1sie,"Seychelles [Koste Seselwa (Seychellois, Unite!), ""Seychelles, our homeland…""]",Seychelles 
170,0uTy29nFMhSa9C0lmU3I5c,0.262,0.202,7.0,-16.227,1.0,0.0369,0.847,0.841,0.307,0.174,107.614,audio_features,0uTy29nFMhSa9C0lmU3I5c,spotify:track:0uTy29nFMhSa9C0lmU3I5c,https://api.spotify.com/v1/tracks/0uTy29nFMhSa9C0lmU3I5c,https://api.spotify.com/v1/audio-analysis/0uTy29nFMhSa9C0lmU3I5c,77720.0,4.0,,0uTy29nFMhSa9C0lmU3I5c,"Sierra Leone [""High we exalt thee, realm of the free…""]",Sierra Leone 
171,0HUQenewyLg1eO1tgqMKWr,0.542,0.28,7.0,-16.01,1.0,0.043,0.824,0.889,0.142,0.418,108.628,audio_features,0HUQenewyLg1eO1tgqMKWr,spotify:track:0HUQenewyLg1eO1tgqMKWr,https://api.spotify.com/v1/tracks/0HUQenewyLg1eO1tgqMKWr,https://api.spotify.com/v1/audio-analysis/0HUQenewyLg1eO1tgqMKWr,75667.0,4.0,,0HUQenewyLg1eO1tgqMKWr,"Singapore [Majulah Singapura (May Singapore Progress), ""Let us, the people of Singapore…""] (2005 arrangement)",Singapore 
172,5NJHeUmztIcYpDSHH1zrR1,0.47,0.512,9.0,-14.502,1.0,0.146,0.729,0.655,0.0843,0.709,200.866,audio_features,5NJHeUmztIcYpDSHH1zrR1,spotify:track:5NJHeUmztIcYpDSHH1zrR1,https://api.spotify.com/v1/tracks/5NJHeUmztIcYpDSHH1zrR1,https://api.spotify.com/v1/audio-analysis/5NJHeUmztIcYpDSHH1zrR1,61973.0,4.0,,5NJHeUmztIcYpDSHH1zrR1,"Slovakia [Statna Hymna Slovenskej Republiky, ""Lightning flashes over the Tatra…""]",Slovakia 
173,55tGfav0K1TwPovqllT5qS,0.455,0.102,10.0,-15.801,1.0,0.0423,0.942,0.954,0.104,0.286,106.386,audio_features,55tGfav0K1TwPovqllT5qS,spotify:track:55tGfav0K1TwPovqllT5qS,https://api.spotify.com/v1/tracks/55tGfav0K1TwPovqllT5qS,https://api.spotify.com/v1/audio-analysis/55tGfav0K1TwPovqllT5qS,53000.0,3.0,,55tGfav0K1TwPovqllT5qS,"Slovenia [Zdravljica (A Toast), ""My friends, the vines have produced again sweet vine…""]",Slovenia 
174,3HeBwLdOyVyArhAqzHdK0i,0.133,0.106,7.0,-16.942,1.0,0.0298,0.797,0.83,0.136,0.244,84.204,audio_features,3HeBwLdOyVyArhAqzHdK0i,spotify:track:3HeBwLdOyVyArhAqzHdK0i,https://api.spotify.com/v1/tracks/3HeBwLdOyVyArhAqzHdK0i,https://api.spotify.com/v1/audio-analysis/3HeBwLdOyVyArhAqzHdK0i,91827.0,4.0,,3HeBwLdOyVyArhAqzHdK0i,"Solomon Islands [""God bless our Solomon Islands from shore to shore…""]",Solomon Islands 
175,7pGVLahSOQFqx3XINrzTEL,0.454,0.365,5.0,-13.845,1.0,0.0339,0.671,0.747,0.12,0.46,91.65,audio_features,7pGVLahSOQFqx3XINrzTEL,spotify:track:7pGVLahSOQFqx3XINrzTEL,https://api.spotify.com/v1/tracks/7pGVLahSOQFqx3XINrzTEL,https://api.spotify.com/v1/audio-analysis/7pGVLahSOQFqx3XINrzTEL,63827.0,4.0,,7pGVLahSOQFqx3XINrzTEL,"Somalia [""Somalia wake up, wake up and join hands together…""] (2000 onwards)",Somalia 
176,3mMVq5GaPvq8VmT4LNVno5,0.293,0.343,2.0,-13.516,1.0,0.0366,0.707,0.305,0.2,0.418,111.689,audio_features,3mMVq5GaPvq8VmT4LNVno5,spotify:track:3mMVq5GaPvq8VmT4LNVno5,https://api.spotify.com/v1/tracks/3mMVq5GaPvq8VmT4LNVno5,https://api.spotify.com/v1/audio-analysis/3mMVq5GaPvq8VmT4LNVno5,95027.0,4.0,,3mMVq5GaPvq8VmT4LNVno5,"South Africa [""God bless Africa"" - Die Stem Van Suid-Afrika, ""Ringing out from our blue heavens…""] (1997 onwards)",South Africa 
177,2ZXPscoJYANKerMFXPcTyw,0.518,0.293,5.0,-16.149,1.0,0.0311,0.737,0.877,0.145,0.741,102.08,audio_features,2ZXPscoJYANKerMFXPcTyw,spotify:track:2ZXPscoJYANKerMFXPcTyw,https://api.spotify.com/v1/tracks/2ZXPscoJYANKerMFXPcTyw,https://api.spotify.com/v1/audio-analysis/2ZXPscoJYANKerMFXPcTyw,84853.0,4.0,,2ZXPscoJYANKerMFXPcTyw,"South Sudan [South Sudan Oyee! (South Sudan, Hurray!), ""Oh God! We praise and glorify you""…]",South Sudan 
178,0WSZZYhLU5k6V7S5EgY8U4,0.49,0.044,5.0,-18.564,1.0,0.0316,0.939,0.904,0.0558,0.232,100.117,audio_features,0WSZZYhLU5k6V7S5EgY8U4,spotify:track:0WSZZYhLU5k6V7S5EgY8U4,https://api.spotify.com/v1/tracks/0WSZZYhLU5k6V7S5EgY8U4,https://api.spotify.com/v1/audio-analysis/0WSZZYhLU5k6V7S5EgY8U4,121400.0,4.0,,0WSZZYhLU5k6V7S5EgY8U4,"Spain: Spain [Himno Nacional Espanol (Spanish National Anthem), ""Gloria, gloria…""]",Spain
179,5vBQia5sBx9MYxsnif5tw4,0.323,0.141,5.0,-17.542,1.0,0.043,0.954,0.889,0.0998,0.248,105.508,audio_features,5vBQia5sBx9MYxsnif5tw4,spotify:track:5vBQia5sBx9MYxsnif5tw4,https://api.spotify.com/v1/tracks/5vBQia5sBx9MYxsnif5tw4,https://api.spotify.com/v1/audio-analysis/5vBQia5sBx9MYxsnif5tw4,72093.0,4.0,,5vBQia5sBx9MYxsnif5tw4,"Sri Lanka [""Mother Lanka, we salute Thee!…""] (Olympic version)",Sri Lanka 
180,6t9Jvyu0V236IPkuJflq8V,0.376,0.201,3.0,-15.073,1.0,0.0379,0.628,0.868,0.0534,0.5,91.626,audio_features,6t9Jvyu0V236IPkuJflq8V,spotify:track:6t9Jvyu0V236IPkuJflq8V,https://api.spotify.com/v1/tracks/6t9Jvyu0V236IPkuJflq8V,https://api.spotify.com/v1/audio-analysis/6t9Jvyu0V236IPkuJflq8V,55253.0,4.0,,6t9Jvyu0V236IPkuJflq8V,"Sudan: Sudan [Nahnu Djundulla Djundulwatan (We Are the Army of God and of Our Land), ""We are the army of God and of our land…""] (2005 arrangement)",Sudan
181,4qiD9VpU2SuZk6I0bRoi38,0.312,0.295,3.0,-16.097,1.0,0.0385,0.709,0.967,0.094,0.448,42.149,audio_features,4qiD9VpU2SuZk6I0bRoi38,spotify:track:4qiD9VpU2SuZk6I0bRoi38,https://api.spotify.com/v1/tracks/4qiD9VpU2SuZk6I0bRoi38,https://api.spotify.com/v1/audio-analysis/4qiD9VpU2SuZk6I0bRoi38,67867.0,4.0,,4qiD9VpU2SuZk6I0bRoi38,"Suriname [""God be with our Surinam!…""]",Suriname 
182,7E5rvAqMVBFdliDoChKcFR,0.268,0.0633,8.0,-18.084,1.0,0.0426,0.981,0.825,0.139,0.0791,78.305,audio_features,7E5rvAqMVBFdliDoChKcFR,spotify:track:7E5rvAqMVBFdliDoChKcFR,https://api.spotify.com/v1/tracks/7E5rvAqMVBFdliDoChKcFR,https://api.spotify.com/v1/audio-analysis/7E5rvAqMVBFdliDoChKcFR,77827.0,4.0,,7E5rvAqMVBFdliDoChKcFR,"Swaziland [""O Lord our God, bestower of all blessings on the Swazi…""]",Swaziland 
183,,,,,,,,,,,,,,,,,,,,"{'status': 404, 'message': 'analysis not found'}",,,
184,4rewMkffAMMg386qqVcnO8,0.241,0.0838,10.0,-17.896,1.0,0.0361,0.953,0.861,0.15,0.285,73.975,audio_features,4rewMkffAMMg386qqVcnO8,spotify:track:4rewMkffAMMg386qqVcnO8,https://api.spotify.com/v1/tracks/4rewMkffAMMg386qqVcnO8,https://api.spotify.com/v1/audio-analysis/4rewMkffAMMg386qqVcnO8,83387.0,1.0,,4rewMkffAMMg386qqVcnO8,"Switzerland [Schweizerpsalm, Cantique Suisse, Cantico Svizzero (Swiss Psalm), ""When the morning…""]",Switzerland 
185,46l6eeaWaJqNYYaBL3H71l,0.442,0.276,6.0,-17.375,0.0,0.12,0.904,0.586,0.0493,0.537,89.435,audio_features,46l6eeaWaJqNYYaBL3H71l,spotify:track:46l6eeaWaJqNYYaBL3H71l,https://api.spotify.com/v1/tracks/46l6eeaWaJqNYYaBL3H71l,https://api.spotify.com/v1/audio-analysis/46l6eeaWaJqNYYaBL3H71l,54813.0,4.0,,46l6eeaWaJqNYYaBL3H71l,"Syria: Syria [Homat El Diyar (Guardians of the Homeland, ""Defenders of the realm, peace on you…""]",Syria
186,3EWkjTx2LtdBNLvcBUKxUa,0.339,0.379,3.0,-12.704,1.0,0.0303,0.621,0.922,0.301,0.448,91.509,audio_features,3EWkjTx2LtdBNLvcBUKxUa,spotify:track:3EWkjTx2LtdBNLvcBUKxUa,https://api.spotify.com/v1/tracks/3EWkjTx2LtdBNLvcBUKxUa,https://api.spotify.com/v1/audio-analysis/3EWkjTx2LtdBNLvcBUKxUa,64107.0,4.0,,3EWkjTx2LtdBNLvcBUKxUa,"Taiwan: Taiwan, [National Flag Anthem, ""Lo! The glorious…""] (International Events)",Taiwan
187,6ETsLab3C6KBnjY1iiFLr1,0.517,0.172,1.0,-16.035,1.0,0.0462,0.929,0.899,0.0708,0.495,83.39,audio_features,6ETsLab3C6KBnjY1iiFLr1,spotify:track:6ETsLab3C6KBnjY1iiFLr1,https://api.spotify.com/v1/tracks/6ETsLab3C6KBnjY1iiFLr1,https://api.spotify.com/v1/audio-analysis/6ETsLab3C6KBnjY1iiFLr1,90933.0,3.0,,6ETsLab3C6KBnjY1iiFLr1,"Tajikistan [""Our beloved country, we are happy to see your pride…""]",Tajikistan 
188,233dHFNOvskBdZQTdvQvQL,0.337,0.206,5.0,-15.081,1.0,0.0343,0.711,0.921,0.317,0.199,66.805,audio_features,233dHFNOvskBdZQTdvQvQL,spotify:track:233dHFNOvskBdZQTdvQvQL,https://api.spotify.com/v1/tracks/233dHFNOvskBdZQTdvQvQL,https://api.spotify.com/v1/audio-analysis/233dHFNOvskBdZQTdvQvQL,73000.0,4.0,,233dHFNOvskBdZQTdvQvQL,"Tanzania [""God Bless Africa, Bless its leaders""] (short)",Tanzania 
189,60tKJnrzuV6qchBwtbEAU1,0.532,0.191,0.0,-17.305,1.0,0.0419,0.827,0.477,0.259,0.532,109.971,audio_features,60tKJnrzuV6qchBwtbEAU1,spotify:track:60tKJnrzuV6qchBwtbEAU1,https://api.spotify.com/v1/tracks/60tKJnrzuV6qchBwtbEAU1,https://api.spotify.com/v1/audio-analysis/60tKJnrzuV6qchBwtbEAU1,45600.0,4.0,,60tKJnrzuV6qchBwtbEAU1,"Thailand [Phleng Chat (National Anthem), ""Thailand embraces in its bosom…""] (National)",Thailand 
190,4aoxooI1brKFmedDWdjqze,0.183,0.168,9.0,-19.392,0.0,0.0342,0.929,0.901,0.0966,0.133,68.009,audio_features,4aoxooI1brKFmedDWdjqze,spotify:track:4aoxooI1brKFmedDWdjqze,https://api.spotify.com/v1/tracks/4aoxooI1brKFmedDWdjqze,https://api.spotify.com/v1/audio-analysis/4aoxooI1brKFmedDWdjqze,163173.0,4.0,,4aoxooI1brKFmedDWdjqze,"Tibet: Tibet [Hymn of the Government in Exile, ""The source of temporal and spiritual wealth of joy…""]",Tibet
191,6SuBuQc3NMVuhDDhpjcxF1,0.476,0.371,0.0,-13.036,1.0,0.0592,0.801,0.799,0.0842,0.371,96.256,audio_features,6SuBuQc3NMVuhDDhpjcxF1,spotify:track:6SuBuQc3NMVuhDDhpjcxF1,https://api.spotify.com/v1/tracks/6SuBuQc3NMVuhDDhpjcxF1,https://api.spotify.com/v1/audio-analysis/6SuBuQc3NMVuhDDhpjcxF1,61547.0,4.0,,6SuBuQc3NMVuhDDhpjcxF1,"Togo: Togo [Salut a toi, pays de nos aieux (Hail to Thee, Land of Our Forefathers), ""Hail to thee, land of our forefathers…""]",Togo
192,7zHkgqqxhkoOdAK2ypIOvr,0.296,0.0821,7.0,-17.371,1.0,0.0447,0.943,0.946,0.311,0.246,116.386,audio_features,7zHkgqqxhkoOdAK2ypIOvr,spotify:track:7zHkgqqxhkoOdAK2ypIOvr,https://api.spotify.com/v1/tracks/7zHkgqqxhkoOdAK2ypIOvr,https://api.spotify.com/v1/audio-analysis/7zHkgqqxhkoOdAK2ypIOvr,75840.0,4.0,,7zHkgqqxhkoOdAK2ypIOvr,"Tonga: Tonga [Ko e fasi 'o e 'Otu Tonga (Song of the King of the Tonga Islands), ""Oh, Almighty God above""]",Tonga
193,0TJqTd2yNyAPZRY1c06XSd,0.651,0.186,5.0,-15.073,1.0,0.049,0.761,0.984,0.173,0.697,102.095,audio_features,0TJqTd2yNyAPZRY1c06XSd,spotify:track:0TJqTd2yNyAPZRY1c06XSd,https://api.spotify.com/v1/tracks/0TJqTd2yNyAPZRY1c06XSd,https://api.spotify.com/v1/audio-analysis/0TJqTd2yNyAPZRY1c06XSd,75200.0,4.0,,0TJqTd2yNyAPZRY1c06XSd,"Trinidad and Tobago: ""Forged from the love of liberty…"" (arr. P. Breiner)",Trinidad and Tobago
194,6x0UtY6vZnKKYJK2ukM9tR,0.785,0.428,10.0,-14.986,1.0,0.037,0.888,0.938,0.0602,0.598,115.101,audio_features,6x0UtY6vZnKKYJK2ukM9tR,spotify:track:6x0UtY6vZnKKYJK2ukM9tR,https://api.spotify.com/v1/tracks/6x0UtY6vZnKKYJK2ukM9tR,https://api.spotify.com/v1/audio-analysis/6x0UtY6vZnKKYJK2ukM9tR,58707.0,4.0,,6x0UtY6vZnKKYJK2ukM9tR,Tunisia: O Defenders of the Homeland!… (arr. P. Breiner),Tunisia
195,6SDYjXO6WjO0GY3dkzzzvI,0.598,0.329,7.0,-13.4,0.0,0.0471,0.856,0.982,0.11,0.644,102.396,audio_features,6SDYjXO6WjO0GY3dkzzzvI,spotify:track:6SDYjXO6WjO0GY3dkzzzvI,https://api.spotify.com/v1/tracks/6SDYjXO6WjO0GY3dkzzzvI,https://api.spotify.com/v1/audio-analysis/6SDYjXO6WjO0GY3dkzzzvI,68707.0,4.0,,6SDYjXO6WjO0GY3dkzzzvI,"Turkey: İstiklâl Marşı (Independence March), ""Fear not and be not dismayed…"" [arr. P. Breiner]",Turkey
196,2Ooml0gaI1wr6LOKla4Mvs,0.259,0.361,5.0,-14.841,1.0,0.0397,0.573,0.973,0.115,0.244,78.334,audio_features,2Ooml0gaI1wr6LOKla4Mvs,spotify:track:2Ooml0gaI1wr6LOKla4Mvs,https://api.spotify.com/v1/tracks/2Ooml0gaI1wr6LOKla4Mvs,https://api.spotify.com/v1/audio-analysis/2Ooml0gaI1wr6LOKla4Mvs,70427.0,4.0,,2Ooml0gaI1wr6LOKla4Mvs,"Turkmenistan: Independent Neutral Turkmenistan State Anthem, ""I am ready to give life for native hearth…"" (2008 onwards)",Turkmenistan
197,17IxzPvqE33mcZgzIJW7RC,0.212,0.0987,7.0,-19.389,1.0,0.03,0.903,0.935,0.108,0.416,86.83,audio_features,17IxzPvqE33mcZgzIJW7RC,spotify:track:17IxzPvqE33mcZgzIJW7RC,https://api.spotify.com/v1/tracks/17IxzPvqE33mcZgzIJW7RC,https://api.spotify.com/v1/audio-analysis/17IxzPvqE33mcZgzIJW7RC,49653.0,4.0,,17IxzPvqE33mcZgzIJW7RC,"Turks and Caicos Islands: God Save the Queen, ""God save our gracious Queen…"" (Royal) [arr. P. Breiner]",Turks and Caicos Islands
198,4j3HfMRPjPPwqu2tNqp4tF,0.257,0.0372,7.0,-18.739,1.0,0.0387,0.83,0.984,0.0743,0.697,85.467,audio_features,4j3HfMRPjPPwqu2tNqp4tF,spotify:track:4j3HfMRPjPPwqu2tNqp4tF,https://api.spotify.com/v1/tracks/4j3HfMRPjPPwqu2tNqp4tF,https://api.spotify.com/v1/audio-analysis/4j3HfMRPjPPwqu2tNqp4tF,33027.0,5.0,,4j3HfMRPjPPwqu2tNqp4tF,"Uganda: Pearl of Africa, ""Oh Uganda! may God upload thee…"" (short version) [arr. P. Breiner]",Uganda
199,4xIkK3Kxs2obxGvp0el2sT,0.28,0.3,7.0,-14.096,0.0,0.0342,0.805,0.906,0.0483,0.345,128.846,audio_features,4xIkK3Kxs2obxGvp0el2sT,spotify:track:4xIkK3Kxs2obxGvp0el2sT,https://api.spotify.com/v1/tracks/4xIkK3Kxs2obxGvp0el2sT,https://api.spotify.com/v1/audio-analysis/4xIkK3Kxs2obxGvp0el2sT,87973.0,4.0,,4xIkK3Kxs2obxGvp0el2sT,"Ukraine: ""Ukraine's glory hasn't perished, nor her freedom…"" (Olympic version) [arr. P. Breiner]",Ukraine
200,1DqkmIdD4u5oF5MdqpRN3W,0.622,0.337,5.0,-14.784,1.0,0.0536,0.783,0.981,0.277,0.586,112.102,audio_features,1DqkmIdD4u5oF5MdqpRN3W,spotify:track:1DqkmIdD4u5oF5MdqpRN3W,https://api.spotify.com/v1/tracks/1DqkmIdD4u5oF5MdqpRN3W,https://api.spotify.com/v1/audio-analysis/1DqkmIdD4u5oF5MdqpRN3W,60800.0,4.0,,1DqkmIdD4u5oF5MdqpRN3W,"United Arab Emirates: ""Live my country, the unity of our Emirates lives…"" (arr. P. Breiner)",United Arab Emirates
201,5a6FctJZtEx5oqVhFclVHd,0.247,0.112,8.0,-18.399,1.0,0.0336,0.945,0.926,0.128,0.116,71.446,audio_features,5a6FctJZtEx5oqVhFclVHd,spotify:track:5a6FctJZtEx5oqVhFclVHd,https://api.spotify.com/v1/tracks/5a6FctJZtEx5oqVhFclVHd,https://api.spotify.com/v1/audio-analysis/5a6FctJZtEx5oqVhFclVHd,179200.0,4.0,,5a6FctJZtEx5oqVhFclVHd,"United States of America: The Star-Spangled Banner, ""O say, can you see…"" (arr. P. Breiner)",United States of America
202,5wBTY8qaku9Fzriwc4NSMj,0.5,0.0532,10.0,-20.469,1.0,0.0674,0.991,0.892,0.13,0.123,125.258,audio_features,5wBTY8qaku9Fzriwc4NSMj,spotify:track:5wBTY8qaku9Fzriwc4NSMj,https://api.spotify.com/v1/tracks/5wBTY8qaku9Fzriwc4NSMj,https://api.spotify.com/v1/audio-analysis/5wBTY8qaku9Fzriwc4NSMj,71480.0,4.0,,5wBTY8qaku9Fzriwc4NSMj,"Uruguay: ""Eastern landsmen, our country or the tomb!"" (Olympic version) [arr. P. Breiner]",Uruguay
203,4DHoubTQUStjWr4Kkkxsdr,0.333,0.144,7.0,-15.868,1.0,0.0372,0.936,0.813,0.112,0.165,70.999,audio_features,4DHoubTQUStjWr4Kkkxsdr,spotify:track:4DHoubTQUStjWr4Kkkxsdr,https://api.spotify.com/v1/tracks/4DHoubTQUStjWr4Kkkxsdr,https://api.spotify.com/v1/audio-analysis/4DHoubTQUStjWr4Kkkxsdr,93853.0,4.0,,4DHoubTQUStjWr4Kkkxsdr,"Uzbekistan: ""Stand tall, my free country, good fortune…"" (Olympic version) [arr. P. Breiner]",Uzbekistan
204,4fz9spjQdzV8UtvXv3KQ1l,0.415,0.174,10.0,-18.476,1.0,0.0441,0.895,0.985,0.285,0.27,98.513,audio_features,4fz9spjQdzV8UtvXv3KQ1l,spotify:track:4fz9spjQdzV8UtvXv3KQ1l,https://api.spotify.com/v1/tracks/4fz9spjQdzV8UtvXv3KQ1l,https://api.spotify.com/v1/audio-analysis/4fz9spjQdzV8UtvXv3KQ1l,107840.0,4.0,,4fz9spjQdzV8UtvXv3KQ1l,"Vanuatu: ""God has given us this land…"" (arr. P. Breiner)",Vanuatu
205,7FTSfI35USj7sNZMC7V3u0,0.46,0.0703,5.0,-18.899,1.0,0.0299,0.943,0.89,0.0833,0.199,103.978,audio_features,7FTSfI35USj7sNZMC7V3u0,spotify:track:7FTSfI35USj7sNZMC7V3u0,https://api.spotify.com/v1/tracks/7FTSfI35USj7sNZMC7V3u0,https://api.spotify.com/v1/audio-analysis/7FTSfI35USj7sNZMC7V3u0,177160.0,4.0,,7FTSfI35USj7sNZMC7V3u0,"Vatican City: Inno E Marcia Pontificale (Hymn and Pontifical March), ""O Rome immortal…"" [arr. P. Breiner]",Vatican City
206,7dKi7UMkV7lpraAshf7Zim,0.408,0.261,5.0,-14.442,1.0,0.0529,0.941,0.934,0.073,0.448,171.866,audio_features,7dKi7UMkV7lpraAshf7Zim,spotify:track:7dKi7UMkV7lpraAshf7Zim,https://api.spotify.com/v1/tracks/7dKi7UMkV7lpraAshf7Zim,https://api.spotify.com/v1/audio-analysis/7dKi7UMkV7lpraAshf7Zim,78853.0,4.0,,7dKi7UMkV7lpraAshf7Zim,"Venezuela: ""Glory to the brave nation which shook off the yoke…"" (Olympic version) [arr. P. Breiner]",Venezuela
207,1n4S6Bm7EJ7kEJO2MBVtS1,0.383,0.228,10.0,-14.958,1.0,0.0302,0.804,0.865,0.423,0.561,79.025,audio_features,1n4S6Bm7EJ7kEJO2MBVtS1,spotify:track:1n4S6Bm7EJ7kEJO2MBVtS1,https://api.spotify.com/v1/tracks/1n4S6Bm7EJ7kEJO2MBVtS1,https://api.spotify.com/v1/audio-analysis/1n4S6Bm7EJ7kEJO2MBVtS1,73587.0,4.0,,1n4S6Bm7EJ7kEJO2MBVtS1,"Vietnam: Tien Quan Ca (The Song of the Marching Troops), ""Soldiers of Vietnam, we go forward…"" [Olympic version] [arr. P. Breiner]",Vietnam
208,0Uf0v6T2b6jjVIhQVbfPMS,0.127,0.118,5.0,-16.557,1.0,0.0314,0.938,0.794,0.096,0.0626,76.133,audio_features,0Uf0v6T2b6jjVIhQVbfPMS,spotify:track:0Uf0v6T2b6jjVIhQVbfPMS,https://api.spotify.com/v1/tracks/0Uf0v6T2b6jjVIhQVbfPMS,https://api.spotify.com/v1/audio-analysis/0Uf0v6T2b6jjVIhQVbfPMS,103960.0,4.0,,0Uf0v6T2b6jjVIhQVbfPMS,"Wales: Hen Wlad Fy Nhadau (Land of My Fathers), ""The land of my fathers is dear unto me…"" [arr. P. Breiner]",Wales
209,7hGeCeMkGchfV6Y37lCPix,0.315,0.114,5.0,-17.028,1.0,0.0339,0.937,0.911,0.11,0.297,115.444,audio_features,7hGeCeMkGchfV6Y37lCPix,spotify:track:7hGeCeMkGchfV6Y37lCPix,https://api.spotify.com/v1/tracks/7hGeCeMkGchfV6Y37lCPix,https://api.spotify.com/v1/audio-analysis/7hGeCeMkGchfV6Y37lCPix,92853.0,4.0,,7hGeCeMkGchfV6Y37lCPix,"Yemen: ""Repeat, O World, my song…"" (2005 arrangement)",Yemen
210,22n9XZJAuh8px5XoUo7vn1,0.295,0.239,7.0,-14.958,1.0,0.0311,0.845,0.904,0.294,0.496,80.947,audio_features,22n9XZJAuh8px5XoUo7vn1,spotify:track:22n9XZJAuh8px5XoUo7vn1,https://api.spotify.com/v1/tracks/22n9XZJAuh8px5XoUo7vn1,https://api.spotify.com/v1/audio-analysis/22n9XZJAuh8px5XoUo7vn1,73227.0,4.0,,22n9XZJAuh8px5XoUo7vn1,"Zambia: ""Stand and sing of Zambia, proud and free…""",Zambia
211,4V7hADnXZWrimlEidbh9S8,0.174,0.273,7.0,-15.238,1.0,0.037,0.748,0.969,0.126,0.276,152.852,audio_features,4V7hADnXZWrimlEidbh9S8,spotify:track:4V7hADnXZWrimlEidbh9S8,https://api.spotify.com/v1/tracks/4V7hADnXZWrimlEidbh9S8,https://api.spotify.com/v1/audio-analysis/4V7hADnXZWrimlEidbh9S8,59533.0,4.0,,4V7hADnXZWrimlEidbh9S8,"Zimbabwe: Kalibusiswe Ilizwe LeZimbabwe (Blessed be the Land of Zimbabwe), ""O lift high…"" [short version] [arr. P. Breiner]",Zimbabwe
212,6aTkj5V4xf8ZhW04diIet1,0.245,0.128,10.0,-15.519,1.0,0.0321,0.896,0.911,0.144,0.0741,82.007,audio_features,6aTkj5V4xf8ZhW04diIet1,spotify:track:6aTkj5V4xf8ZhW04diIet1,https://api.spotify.com/v1/tracks/6aTkj5V4xf8ZhW04diIet1,https://api.spotify.com/v1/audio-analysis/6aTkj5V4xf8ZhW04diIet1,180440.0,4.0,,6aTkj5V4xf8ZhW04diIet1,"United Nations: Hymn to the United Nations, ""Eagerly musician, sweep your string…"" (arr. P. Breiner)",United Nations
213,4ylVg9Pxvf2FXyo5uqhZj0,0.205,0.298,5.0,-13.52,1.0,0.035,0.753,0.902,0.18,0.368,141.059,audio_features,4ylVg9Pxvf2FXyo5uqhZj0,spotify:track:4ylVg9Pxvf2FXyo5uqhZj0,https://api.spotify.com/v1/tracks/4ylVg9Pxvf2FXyo5uqhZj0,https://api.spotify.com/v1/audio-analysis/4ylVg9Pxvf2FXyo5uqhZj0,71773.0,3.0,,4ylVg9Pxvf2FXyo5uqhZj0,"Olympic Movement: Olympiakós Ýmnos (Olympic Hymn), ""Immortal spirit of antiquity…"" [Olympic version] [arr. P. Breiner]",Olympic Movement
